OOI ID,Name,Object Type,Speed,Initial Behaviour,EncounterBehaviour
24,Dandelion_Y4,StaticOOI,1,Patrol,None

X position, Y position, Z position, X rotation, Y rotation, Z rotation, X scale, Y scale, Z scale, TimeSinceLastUpdate
N:PreStim Started,,,,,,,,,20240807_152255.693157
0.98,-0.3,0.17,0,0,0,0.2,0.2,0.2,0.03736321
0.98,-0.3,0.17,0,0,0,0.2,0.2,0.2,0.03736321
0.98,-0.3,0.17,0,0,0,0.2,0.2,0.2,0.02
0.98,-0.3,0.17,0,0,0,0.2,0.2,0.2,0.006060268
0.98,-0.3,0.17,0,0,0,0.2,0.2,0.2,0.006069836
0.98,-0.3,0.17,0,0,0,0.2,0.2,0.2,0.00607613
0.98,-0.3,0.17,0,0,0,0.2,0.2,0.2,0.006066423
0.98,-0.3,0.17,0,0,0,0.2,0.2,0.2,0.006060819
0.98,-0.3,0.17,0,0,0,0.2,0.2,0.2,0.006066438
0.98,-0.3,0.17,0,0,0,0.2,0.2,0.2,0.006060707
0.98,-0.3,0.17,0,0,0,0.2,0.2,0.2,0.006060713
0.98,-0.3,0.17,0,0,0,0.2,0.2,0.2,0.006060677
0.98,-0.3,0.17,0,0,0,0.2,0.2,0.2,0.00606069
0.98,-0.3,0.17,0,0,0,0.2,0.2,0.2,0.006060721
0.98,-0.3,0.17,0,0,0,0.2,0.2,0.2,0.006060723
0.98,-0.3,0.17,0,0,0,0.2,0.2,0.2,0.00606071
0.98,-0.3,0.17,0,0,0,0.2,0.2,0.2,0.006060736
0.98,-0.3,0.17,0,0,0,0.2,0.2,0.2,0.006060734
0.98,-0.3,0.17,0,0,0,0.2,0.2,0.2,0.006068892
0.98,-0.3,0.17,0,0,0,0.2,0.2,0.2,0.00606071
0.98,-0.3,0.17,0,0,0,0.2,0.2,0.2,0.006060728
0.98,-0.3,0.17,0,0,0,0.2,0.2,0.2,0.006060806
0.98,-0.3,0.17,0,0,0,0.2,0.2,0.2,0.006060561
0.98,-0.3,0.17,0,0,0,0.2,0.2,0.2,0.006065422
0.98,-0.3,0.17,0,0,0,0.2,0.2,0.2,0.006060683
0.98,-0.3,0.17,0,0,0,0.2,0.2,0.2,0.006067492
0.98,-0.3,0.17,0,0,0,0.2,0.2,0.2,0.00606839
0.98,-0.3,0.17,0,0,0,0.2,0.2,0.2,0.006060769
0.98,-0.3,0.17,0,0,0,0.2,0.2,0.2,0.006060612
0.98,-0.3,0.17,0,0,0,0.2,0.2,0.2,0.006080499
0.98,-0.3,0.17,0,0,0,0.2,0.2,0.2,0.006079664
0.98,-0.3,0.17,0,0,0,0.2,0.2,0.2,0.006042367
0.98,-0.3,0.17,0,0,0,0.2,0.2,0.2,0.006060711
0.98,-0.3,0.17,0,0,0,0.2,0.2,0.2,0.006065557
0.98,-0.3,0.17,0,0,0,0.2,0.2,0.2,0.006060697
0.98,-0.3,0.17,0,0,0,0.2,0.2,0.2,0.006067669
0.98,-0.3,0.17,0,0,0,0.2,0.2,0.2,0.00606835
0.98,-0.3,0.17,0,0,0,0.2,0.2,0.2,0.006060704
0.98,-0.3,0.17,0,0,0,0.2,0.2,0.2,0.006060696
0.98,-0.3,0.17,0,0,0,0.2,0.2,0.2,0.006060679
0.98,-0.3,0.17,0,0,0,0.2,0.2,0.2,0.006066862
0.98,-0.3,0.17,0,0,0,0.2,0.2,0.2,0.006066653
0.98,-0.3,0.17,0,0,0,0.2,0.2,0.2,0.006060721
0.98,-0.3,0.17,0,0,0,0.2,0.2,0.2,0.006060712
0.98,-0.3,0.17,0,0,0,0.2,0.2,0.2,0.006060704
0.98,-0.3,0.17,0,0,0,0.2,0.2,0.2,0.006060732
0.98,-0.3,0.17,0,0,0,0.2,0.2,0.2,0.006060684
0.98,-0.3,0.17,0,0,0,0.2,0.2,0.2,0.006071112
0.98,-0.3,0.17,0,0,0,0.2,0.2,0.2,0.006060691
0.98,-0.3,0.17,0,0,0,0.2,0.2,0.2,0.006060689
0.98,-0.3,0.17,0,0,0,0.2,0.2,0.2,0.006060693
0.98,-0.3,0.17,0,0,0,0.2,0.2,0.2,0.006060742
0.98,-0.3,0.17,0,0,0,0.2,0.2,0.2,0.006060719
0.98,-0.3,0.17,0,0,0,0.2,0.2,0.2,0.006060702
0.98,-0.3,0.17,0,0,0,0.2,0.2,0.2,0.006060715
0.98,-0.3,0.17,0,0,0,0.2,0.2,0.2,0.00606072
0.98,-0.3,0.17,0,0,0,0.2,0.2,0.2,0.006060726
0.98,-0.3,0.17,0,0,0,0.2,0.2,0.2,0.006066128
0.98,-0.3,0.17,0,0,0,0.2,0.2,0.2,0.006060706
0.98,-0.3,0.17,0,0,0,0.2,0.2,0.2,0.006060715
0.98,-0.3,0.17,0,0,0,0.2,0.2,0.2,0.006060728
0.98,-0.3,0.17,0,0,0,0.2,0.2,0.2,0.006060736
0.98,-0.3,0.17,0,0,0,0.2,0.2,0.2,0.006060697
0.98,-0.3,0.17,0,0,0,0.2,0.2,0.2,0.006060712
0.98,-0.3,0.17,0,0,0,0.2,0.2,0.2,0.006060709
0.98,-0.3,0.17,0,0,0,0.2,0.2,0.2,0.006060738
0.98,-0.3,0.17,0,0,0,0.2,0.2,0.2,0.006065861
0.98,-0.3,0.17,0,0,0,0.2,0.2,0.2,0.006066024
0.98,-0.3,0.17,0,0,0,0.2,0.2,0.2,0.006060754
0.98,-0.3,0.17,0,0,0,0.2,0.2,0.2,0.006060915
0.98,-0.3,0.17,0,0,0,0.2,0.2,0.2,0.006067693
0.98,-0.3,0.17,0,0,0,0.2,0.2,0.2,0.006060693
0.98,-0.3,0.17,0,0,0,0.2,0.2,0.2,0.006060691
0.98,-0.3,0.17,0,0,0,0.2,0.2,0.2,0.006060735
0.98,-0.3,0.17,0,0,0,0.2,0.2,0.2,0.006060736
0.98,-0.3,0.17,0,0,0,0.2,0.2,0.2,0.006060672
0.98,-0.3,0.17,0,0,0,0.2,0.2,0.2,0.00606072
0.98,-0.3,0.17,0,0,0,0.2,0.2,0.2,0.006060723
0.98,-0.3,0.17,0,0,0,0.2,0.2,0.2,0.00606074
0.98,-0.3,0.17,0,0,0,0.2,0.2,0.2,0.006060732
0.98,-0.3,0.17,0,0,0,0.2,0.2,0.2,0.006060678
0.98,-0.3,0.17,0,0,0,0.2,0.2,0.2,0.006060709
0.98,-0.3,0.17,0,0,0,0.2,0.2,0.2,0.00606908
0.98,-0.3,0.17,0,0,0,0.2,0.2,0.2,0.006060724
0.98,-0.3,0.17,0,0,0,0.2,0.2,0.2,0.006072245
N:Loop Closed,,,,,,,,,20240807_152256.198335
0.98,-0.3,0.17,0,0,0,0.2,0.2,0.2,0.006066334
0.98,-0.3,0.17,0,0,0,0.2,0.2,0.2,0.006065818
0.98,-0.3,0.17,0,0,0,0.2,0.2,0.2,0.006060686
0.98,-0.3,0.17,0,0,0,0.2,0.2,0.2,0.006060722
0.98,-0.3,0.17,0,0,0,0.2,0.2,0.2,0.006060687
0.98,-0.3,0.17,0,0,0,0.2,0.2,0.2,0.00606068
0.98,-0.3,0.17,0,0,0,0.2,0.2,0.2,0.006067254
0.98,-0.3,0.17,0,0,0,0.2,0.2,0.2,0.006066483
0.98,-0.3,0.17,0,0,0,0.2,0.2,0.2,0.006060717
0.98,-0.3,0.17,0,0,0,0.2,0.2,0.2,0.006060722
0.98,-0.3,0.17,0,0,0,0.2,0.2,0.2,0.006066889
0.98,-0.3,0.17,0,0,0,0.2,0.2,0.2,0.006060706
0.98,-0.3,0.17,0,0,0,0.2,0.2,0.2,0.006066539
0.98,-0.3,0.17,0,0,0,0.2,0.2,0.2,0.006060728
0.98,-0.3,0.17,0,0,0,0.2,0.2,0.2,0.006060694
0.98,-0.3,0.17,0,0,0,0.2,0.2,0.2,0.006060707
0.98,-0.3,0.17,0,0,0,0.2,0.2,0.2,0.006060736
0.98,-0.3,0.17,0,0,0,0.2,0.2,0.2,0.006061238
0.98,-0.3,0.17,0,0,0,0.2,0.2,0.2,0.006064814
0.98,-0.3,0.17,0,0,0,0.2,0.2,0.2,0.006060717
0.98,-0.3,0.17,0,0,0,0.2,0.2,0.2,0.006060704
0.98,-0.3,0.17,0,0,0,0.2,0.2,0.2,0.006060737
0.98,-0.3,0.17,0,0,0,0.2,0.2,0.2,0.006060701
0.98,-0.3,0.17,0,0,0,0.2,0.2,0.2,0.006060664
0.98,-0.3,0.17,0,0,0,0.2,0.2,0.2,0.006066845
0.98,-0.3,0.17,0,0,0,0.2,0.2,0.2,0.006060688
0.98,-0.3,0.17,0,0,0,0.2,0.2,0.2,0.006060703
0.98,-0.3,0.17,0,0,0,0.2,0.2,0.2,0.006060723
0.98,-0.3,0.17,0,0,0,0.2,0.2,0.2,0.006068222
0.98,-0.3,0.17,0,0,0,0.2,0.2,0.2,0.006060725
0.98,-0.3,0.17,0,0,0,0.2,0.2,0.2,0.006060766
0.98,-0.3,0.17,0,0,0,0.2,0.2,0.2,0.006060663
0.98,-0.3,0.17,0,0,0,0.2,0.2,0.2,0.006060722
0.98,-0.3,0.17,0,0,0,0.2,0.2,0.2,0.006065861
0.98,-0.3,0.17,0,0,0,0.2,0.2,0.2,0.006066174
0.98,-0.3,0.17,0,0,0,0.2,0.2,0.2,0.006060672
0.98,-0.3,0.17,0,0,0,0.2,0.2,0.2,0.006060666
0.98,-0.3,0.17,0,0,0,0.2,0.2,0.2,0.006060772
0.98,-0.3,0.17,0,0,0,0.2,0.2,0.2,0.006067208
0.98,-0.3,0.17,0,0,0,0.2,0.2,0.2,0.006066298
0.98,-0.3,0.17,0,0,0,0.2,0.2,0.2,0.006074215
0.98,-0.3,0.17,0,0,0,0.2,0.2,0.2,0.006060728
0.98,-0.3,0.17,0,0,0,0.2,0.2,0.2,0.006067429
0.98,-0.3,0.17,0,0,0,0.2,0.2,0.2,0.006066744
0.98,-0.3,0.17,0,0,0,0.2,0.2,0.2,0.006072649
0.98,-0.3,0.17,0,0,0,0.2,0.2,0.2,0.006060709
0.98,-0.3,0.17,0,0,0,0.2,0.2,0.2,0.00606071
0.98,-0.3,0.17,0,0,0,0.2,0.2,0.2,0.006060701
0.98,-0.3,0.17,0,0,0,0.2,0.2,0.2,0.006066085
0.98,-0.3,0.17,0,0,0,0.2,0.2,0.2,0.006060803
0.98,-0.3,0.17,0,0,0,0.2,0.2,0.2,0.006060885
0.98,-0.3,0.17,0,0,0,0.2,0.2,0.2,0.00606042
0.98,-0.3,0.17,0,0,0,0.2,0.2,0.2,0.006060705
0.98,-0.3,0.17,0,0,0,0.2,0.2,0.2,0.00606071
0.98,-0.3,0.17,0,0,0,0.2,0.2,0.2,0.006060696
0.98,-0.3,0.17,0,0,0,0.2,0.2,0.2,0.006060763
0.98,-0.3,0.17,0,0,0,0.2,0.2,0.2,0.006060725
0.98,-0.3,0.17,0,0,0,0.2,0.2,0.2,0.006060728
0.98,-0.3,0.17,0,0,0,0.2,0.2,0.2,0.006060696
0.98,-0.3,0.17,0,0,0,0.2,0.2,0.2,0.006060701
0.98,-0.3,0.17,0,0,0,0.2,0.2,0.2,0.006060687
0.98,-0.3,0.17,0,0,0,0.2,0.2,0.2,0.006060697
0.98,-0.3,0.17,0,0,0,0.2,0.2,0.2,0.006060724
0.98,-0.3,0.17,0,0,0,0.2,0.2,0.2,0.006060696
0.98,-0.3,0.17,0,0,0,0.2,0.2,0.2,0.006060698
0.98,-0.3,0.17,0,0,0,0.2,0.2,0.2,0.006060734
0.98,-0.3,0.17,0,0,0,0.2,0.2,0.2,0.006060715
0.98,-0.3,0.17,0,0,0,0.2,0.2,0.2,0.006060695
0.98,-0.3,0.17,0,0,0,0.2,0.2,0.2,0.006060665
0.98,-0.3,0.17,0,0,0,0.2,0.2,0.2,0.006060749
0.98,-0.3,0.17,0,0,0,0.2,0.2,0.2,0.006060713
0.98,-0.3,0.17,0,0,0,0.2,0.2,0.2,0.006060758
0.98,-0.3,0.17,0,0,0,0.2,0.2,0.2,0.006060658
0.98,-0.3,0.17,0,0,0,0.2,0.2,0.2,0.006060681
0.98,-0.3,0.17,0,0,0,0.2,0.2,0.2,0.006060685
0.98,-0.3,0.17,0,0,0,0.2,0.2,0.2,0.006072213
0.98,-0.3,0.17,0,0,0,0.2,0.2,0.2,0.006060748
0.98,-0.3,0.17,0,0,0,0.2,0.2,0.2,0.006060649
0.98,-0.3,0.17,0,0,0,0.2,0.2,0.2,0.006062444
0.98,-0.3,0.17,0,0,0,0.2,0.2,0.2,0.006060697
0.98,-0.3,0.17,0,0,0,0.2,0.2,0.2,0.006060727
0.98,-0.3,0.17,0,0,0,0.2,0.2,0.2,0.006060697
0.98,-0.3,0.17,0,0,0,0.2,0.2,0.2,0.006060751
0.98,-0.3,0.17,0,0,0,0.2,0.2,0.2,0.006061504
0.98,-0.3,0.17,0,0,0,0.2,0.2,0.2,0.006059849
0.98,-0.3,0.17,0,0,0,0.2,0.2,0.2,0.0060607
0.98,-0.3,0.17,0,0,0,0.2,0.2,0.2,0.006060744
0.98,-0.3,0.17,0,0,0,0.2,0.2,0.2,0.006060673
0.98,-0.3,0.17,0,0,0,0.2,0.2,0.2,0.006060759
0.98,-0.3,0.17,0,0,0,0.2,0.2,0.2,0.006060697
0.98,-0.3,0.17,0,0,0,0.2,0.2,0.2,0.006060712
0.98,-0.3,0.17,0,0,0,0.2,0.2,0.2,0.006060717
0.98,-0.3,0.17,0,0,0,0.2,0.2,0.2,0.006060687
0.98,-0.3,0.17,0,0,0,0.2,0.2,0.2,0.006060736
0.98,-0.3,0.17,0,0,0,0.2,0.2,0.2,0.006060699
0.98,-0.3,0.17,0,0,0,0.2,0.2,0.2,0.00606067
0.98,-0.3,0.17,0,0,0,0.2,0.2,0.2,0.006060766
0.98,-0.3,0.17,0,0,0,0.2,0.2,0.2,0.00606066
0.98,-0.3,0.17,0,0,0,0.2,0.2,0.2,0.006060673
0.98,-0.3,0.17,0,0,0,0.2,0.2,0.2,0.006060762
0.98,-0.3,0.17,0,0,0,0.2,0.2,0.2,0.006060653
0.98,-0.3,0.17,0,0,0,0.2,0.2,0.2,0.006060683
0.98,-0.3,0.17,0,0,0,0.2,0.2,0.2,0.006060646
0.98,-0.3,0.17,0,0,0,0.2,0.2,0.2,0.00606081
0.98,-0.3,0.17,0,0,0,0.2,0.2,0.2,0.006060725
0.98,-0.3,0.17,0,0,0,0.2,0.2,0.2,0.006060722
0.98,-0.3,0.17,0,0,0,0.2,0.2,0.2,0.006060666
0.98,-0.3,0.17,0,0,0,0.2,0.2,0.2,0.006060766
0.98,-0.3,0.17,0,0,0,0.2,0.2,0.2,0.006060707
0.98,-0.3,0.17,0,0,0,0.2,0.2,0.2,0.006061761
0.98,-0.3,0.17,0,0,0,0.2,0.2,0.2,0.006060693
0.98,-0.3,0.17,0,0,0,0.2,0.2,0.2,0.006060584
0.98,-0.3,0.17,0,0,0,0.2,0.2,0.2,0.006060823
0.98,-0.3,0.17,0,0,0,0.2,0.2,0.2,0.006060684
0.98,-0.3,0.17,0,0,0,0.2,0.2,0.2,0.006060765
0.98,-0.3,0.17,0,0,0,0.2,0.2,0.2,0.006060755
0.98,-0.3,0.17,0,0,0,0.2,0.2,0.2,0.006060723
0.98,-0.3,0.17,0,0,0,0.2,0.2,0.2,0.006060641
0.98,-0.3,0.17,0,0,0,0.2,0.2,0.2,0.006060803
0.98,-0.3,0.17,0,0,0,0.2,0.2,0.2,0.006060631
0.98,-0.3,0.17,0,0,0,0.2,0.2,0.2,0.006060669
0.98,-0.3,0.17,0,0,0,0.2,0.2,0.2,0.006060774
0.98,-0.3,0.17,0,0,0,0.2,0.2,0.2,0.006060618
0.98,-0.3,0.17,0,0,0,0.2,0.2,0.2,0.006061984
0.98,-0.3,0.17,0,0,0,0.2,0.2,0.2,0.006060731
0.98,-0.3,0.17,0,0,0,0.2,0.2,0.2,0.006060686
0.98,-0.3,0.17,0,0,0,0.2,0.2,0.2,0.006060701
0.98,-0.3,0.17,0,0,0,0.2,0.2,0.2,0.006060682
0.98,-0.3,0.17,0,0,0,0.2,0.2,0.2,0.006060729
0.98,-0.3,0.17,0,0,0,0.2,0.2,0.2,0.006060685
0.98,-0.3,0.17,0,0,0,0.2,0.2,0.2,0.006060678
0.98,-0.3,0.17,0,0,0,0.2,0.2,0.2,0.006060698
0.98,-0.3,0.17,0,0,0,0.2,0.2,0.2,0.006060725
0.98,-0.3,0.17,0,0,0,0.2,0.2,0.2,0.006060731
0.98,-0.3,0.17,0,0,0,0.2,0.2,0.2,0.006060668
0.98,-0.3,0.17,0,0,0,0.2,0.2,0.2,0.006060713
0.98,-0.3,0.17,0,0,0,0.2,0.2,0.2,0.006060727
0.98,-0.3,0.17,0,0,0,0.2,0.2,0.2,0.006060695
0.98,-0.3,0.17,0,0,0,0.2,0.2,0.2,0.006060702
0.98,-0.3,0.17,0,0,0,0.2,0.2,0.2,0.006060716
0.98,-0.3,0.17,0,0,0,0.2,0.2,0.2,0.006060708
0.98,-0.3,0.17,0,0,0,0.2,0.2,0.2,0.006060714
0.98,-0.3,0.17,0,0,0,0.2,0.2,0.2,0.006060687
0.98,-0.3,0.17,0,0,0,0.2,0.2,0.2,0.006060733
0.98,-0.3,0.17,0,0,0,0.2,0.2,0.2,0.006061527
0.98,-0.3,0.17,0,0,0,0.2,0.2,0.2,0.006060687
0.98,-0.3,0.17,0,0,0,0.2,0.2,0.2,0.006060719
0.98,-0.3,0.17,0,0,0,0.2,0.2,0.2,0.006060714
0.98,-0.3,0.17,0,0,0,0.2,0.2,0.2,0.006060713
0.98,-0.3,0.17,0,0,0,0.2,0.2,0.2,0.006060835
0.98,-0.3,0.17,0,0,0,0.2,0.2,0.2,0.00606127
0.98,-0.3,0.17,0,0,0,0.2,0.2,0.2,0.00606003
0.98,-0.3,0.17,0,0,0,0.2,0.2,0.2,0.006060693
0.98,-0.3,0.17,0,0,0,0.2,0.2,0.2,0.006060734
0.98,-0.3,0.17,0,0,0,0.2,0.2,0.2,0.006060729
0.98,-0.3,0.17,0,0,0,0.2,0.2,0.2,0.006060742
0.98,-0.3,0.17,0,0,0,0.2,0.2,0.2,0.006060664
0.98,-0.3,0.17,0,0,0,0.2,0.2,0.2,0.006060717
0.98,-0.3,0.17,0,0,0,0.2,0.2,0.2,0.00606069
0.98,-0.3,0.17,0,0,0,0.2,0.2,0.2,0.006060692
0.98,-0.3,0.17,0,0,0,0.2,0.2,0.2,0.006060716
0.98,-0.3,0.17,0,0,0,0.2,0.2,0.2,0.006060716
0.98,-0.3,0.17,0,0,0,0.2,0.2,0.2,0.006060711
0.98,-0.3,0.17,0,0,0,0.2,0.2,0.2,0.006060735
0.98,-0.3,0.17,0,0,0,0.2,0.2,0.2,0.006060706
0.98,-0.3,0.17,0,0,0,0.2,0.2,0.2,0.006060732
0.98,-0.3,0.17,0,0,0,0.2,0.2,0.2,0.006060682
0.98,-0.3,0.17,0,0,0,0.2,0.2,0.2,0.006060725
0.98,-0.3,0.17,0,0,0,0.2,0.2,0.2,0.006060742
0.98,-0.3,0.17,0,0,0,0.2,0.2,0.2,0.006060656
0.98,-0.3,0.17,0,0,0,0.2,0.2,0.2,0.006060707
0.98,-0.3,0.17,0,0,0,0.2,0.2,0.2,0.006060714
0.98,-0.3,0.17,0,0,0,0.2,0.2,0.2,0.006060768
0.98,-0.3,0.17,0,0,0,0.2,0.2,0.2,0.00606065
0.98,-0.3,0.17,0,0,0,0.2,0.2,0.2,0.006060723
0.98,-0.3,0.17,0,0,0,0.2,0.2,0.2,0.006060726
0.98,-0.3,0.17,0,0,0,0.2,0.2,0.2,0.006060678
0.98,-0.3,0.17,0,0,0,0.2,0.2,0.2,0.006060725
0.98,-0.3,0.17,0,0,0,0.2,0.2,0.2,0.006060725
0.98,-0.3,0.17,0,0,0,0.2,0.2,0.2,0.006060721
0.98,-0.3,0.17,0,0,0,0.2,0.2,0.2,0.006060748
0.98,-0.3,0.17,0,0,0,0.2,0.2,0.2,0.00606068
0.98,-0.3,0.17,0,0,0,0.2,0.2,0.2,0.006060722
0.98,-0.3,0.17,0,0,0,0.2,0.2,0.2,0.006060825
0.98,-0.3,0.17,0,0,0,0.2,0.2,0.2,0.006060794
0.98,-0.3,0.17,0,0,0,0.2,0.2,0.2,0.006060561
0.98,-0.3,0.17,0,0,0,0.2,0.2,0.2,0.006060694
0.98,-0.3,0.17,0,0,0,0.2,0.2,0.2,0.006060706
0.98,-0.3,0.17,0,0,0,0.2,0.2,0.2,0.006060722
0.98,-0.3,0.17,0,0,0,0.2,0.2,0.2,0.006060732
0.98,-0.3,0.17,0,0,0,0.2,0.2,0.2,0.006060673
0.98,-0.3,0.17,0,0,0,0.2,0.2,0.2,0.006060682
0.98,-0.3,0.17,0,0,0,0.2,0.2,0.2,0.006060726
0.98,-0.3,0.17,0,0,0,0.2,0.2,0.2,0.006060692
0.98,-0.3,0.17,0,0,0,0.2,0.2,0.2,0.006060688
0.98,-0.3,0.17,0,0,0,0.2,0.2,0.2,0.006060734
0.98,-0.3,0.17,0,0,0,0.2,0.2,0.2,0.006060753
0.98,-0.3,0.17,0,0,0,0.2,0.2,0.2,0.006060763
0.98,-0.3,0.17,0,0,0,0.2,0.2,0.2,0.006060663
0.98,-0.3,0.17,0,0,0,0.2,0.2,0.2,0.006060717
0.98,-0.3,0.17,0,0,0,0.2,0.2,0.2,0.006060742
0.98,-0.3,0.17,0,0,0,0.2,0.2,0.2,0.006060735
0.98,-0.3,0.17,0,0,0,0.2,0.2,0.2,0.006060673
0.98,-0.3,0.17,0,0,0,0.2,0.2,0.2,0.006060696
0.98,-0.3,0.17,0,0,0,0.2,0.2,0.2,0.006060703
0.98,-0.3,0.17,0,0,0,0.2,0.2,0.2,0.006060778
0.98,-0.3,0.17,0,0,0,0.2,0.2,0.2,0.006060683
0.98,-0.3,0.17,0,0,0,0.2,0.2,0.2,0.006060666
0.98,-0.3,0.17,0,0,0,0.2,0.2,0.2,0.006060733
0.98,-0.3,0.17,0,0,0,0.2,0.2,0.2,0.006060709
0.98,-0.3,0.17,0,0,0,0.2,0.2,0.2,0.00606068
0.98,-0.3,0.17,0,0,0,0.2,0.2,0.2,0.006060701
0.98,-0.3,0.17,0,0,0,0.2,0.2,0.2,0.006060731
0.98,-0.3,0.17,0,0,0,0.2,0.2,0.2,0.006060711
0.98,-0.3,0.17,0,0,0,0.2,0.2,0.2,0.006060688
0.98,-0.3,0.17,0,0,0,0.2,0.2,0.2,0.006060722
0.98,-0.3,0.17,0,0,0,0.2,0.2,0.2,0.006060779
0.98,-0.3,0.17,0,0,0,0.2,0.2,0.2,0.006060729
0.98,-0.3,0.17,0,0,0,0.2,0.2,0.2,0.006060579
0.98,-0.3,0.17,0,0,0,0.2,0.2,0.2,0.006061044
0.98,-0.3,0.17,0,0,0,0.2,0.2,0.2,0.006060751
0.98,-0.3,0.17,0,0,0,0.2,0.2,0.2,0.006060304
0.98,-0.3,0.17,0,0,0,0.2,0.2,0.2,0.006060749
0.98,-0.3,0.17,0,0,0,0.2,0.2,0.2,0.00606067
0.98,-0.3,0.17,0,0,0,0.2,0.2,0.2,0.006060776
0.98,-0.3,0.17,0,0,0,0.2,0.2,0.2,0.006060649
0.98,-0.3,0.17,0,0,0,0.2,0.2,0.2,0.006060742
0.98,-0.3,0.17,0,0,0,0.2,0.2,0.2,0.006060632
0.98,-0.3,0.17,0,0,0,0.2,0.2,0.2,0.006060729
0.98,-0.3,0.17,0,0,0,0.2,0.2,0.2,0.006060722
0.98,-0.3,0.17,0,0,0,0.2,0.2,0.2,0.006060698
0.98,-0.3,0.17,0,0,0,0.2,0.2,0.2,0.0060607
0.98,-0.3,0.17,0,0,0,0.2,0.2,0.2,0.006060696
0.98,-0.3,0.17,0,0,0,0.2,0.2,0.2,0.006060683
0.98,-0.3,0.17,0,0,0,0.2,0.2,0.2,0.006060739
0.98,-0.3,0.17,0,0,0,0.2,0.2,0.2,0.006060649
0.98,-0.3,0.17,0,0,0,0.2,0.2,0.2,0.006060701
0.98,-0.3,0.17,0,0,0,0.2,0.2,0.2,0.006060741
0.98,-0.3,0.17,0,0,0,0.2,0.2,0.2,0.006060776
0.98,-0.3,0.17,0,0,0,0.2,0.2,0.2,0.006060645
0.98,-0.3,0.17,0,0,0,0.2,0.2,0.2,0.006060694
0.98,-0.3,0.17,0,0,0,0.2,0.2,0.2,0.006060679
0.98,-0.3,0.17,0,0,0,0.2,0.2,0.2,0.006060718
0.98,-0.3,0.17,0,0,0,0.2,0.2,0.2,0.00606068
0.98,-0.3,0.17,0,0,0,0.2,0.2,0.2,0.00606071
0.98,-0.3,0.17,0,0,0,0.2,0.2,0.2,0.006060783
0.98,-0.3,0.17,0,0,0,0.2,0.2,0.2,0.006060672
0.98,-0.3,0.17,0,0,0,0.2,0.2,0.2,0.006060662
0.98,-0.3,0.17,0,0,0,0.2,0.2,0.2,0.006060738
0.98,-0.3,0.17,0,0,0,0.2,0.2,0.2,0.006060687
0.98,-0.3,0.17,0,0,0,0.2,0.2,0.2,0.006060741
0.98,-0.3,0.17,0,0,0,0.2,0.2,0.2,0.006061459
0.98,-0.3,0.17,0,0,0,0.2,0.2,0.2,0.006059961
0.98,-0.3,0.17,0,0,0,0.2,0.2,0.2,0.006060814
0.98,-0.3,0.17,0,0,0,0.2,0.2,0.2,0.006060623
0.98,-0.3,0.17,0,0,0,0.2,0.2,0.2,0.006060724
0.98,-0.3,0.17,0,0,0,0.2,0.2,0.2,0.006060712
0.98,-0.3,0.17,0,0,0,0.2,0.2,0.2,0.006060644
0.98,-0.3,0.17,0,0,0,0.2,0.2,0.2,0.00606075
0.98,-0.3,0.17,0,0,0,0.2,0.2,0.2,0.006060696
0.98,-0.3,0.17,0,0,0,0.2,0.2,0.2,0.006060702
0.98,-0.3,0.17,0,0,0,0.2,0.2,0.2,0.006060782
0.98,-0.3,0.17,0,0,0,0.2,0.2,0.2,0.006060686
0.98,-0.3,0.17,0,0,0,0.2,0.2,0.2,0.006060697
0.98,-0.3,0.17,0,0,0,0.2,0.2,0.2,0.006060761
0.98,-0.3,0.17,0,0,0,0.2,0.2,0.2,0.006060731
0.98,-0.3,0.17,0,0,0,0.2,0.2,0.2,0.00606063
0.98,-0.3,0.17,0,0,0,0.2,0.2,0.2,0.006060763
0.98,-0.3,0.17,0,0,0,0.2,0.2,0.2,0.006060722
0.98,-0.3,0.17,0,0,0,0.2,0.2,0.2,0.006060662
0.98,-0.3,0.17,0,0,0,0.2,0.2,0.2,0.006060741
0.98,-0.3,0.17,0,0,0,0.2,0.2,0.2,0.006060657
0.98,-0.3,0.17,0,0,0,0.2,0.2,0.2,0.0060607
0.98,-0.3,0.17,0,0,0,0.2,0.2,0.2,0.006060763
0.98,-0.3,0.17,0,0,0,0.2,0.2,0.2,0.006060644
0.98,-0.3,0.17,0,0,0,0.2,0.2,0.2,0.006060694
0.98,-0.3,0.17,0,0,0,0.2,0.2,0.2,0.006060737
0.98,-0.3,0.17,0,0,0,0.2,0.2,0.2,0.00606069
0.98,-0.3,0.17,0,0,0,0.2,0.2,0.2,0.006060727
0.98,-0.3,0.17,0,0,0,0.2,0.2,0.2,0.006060693
0.98,-0.3,0.17,0,0,0,0.2,0.2,0.2,0.006060654
0.98,-0.3,0.17,0,0,0,0.2,0.2,0.2,0.006060754
0.98,-0.3,0.17,0,0,0,0.2,0.2,0.2,0.006060661
0.98,-0.3,0.17,0,0,0,0.2,0.2,0.2,0.006060764
0.98,-0.3,0.17,0,0,0,0.2,0.2,0.2,0.006060695
0.98,-0.3,0.17,0,0,0,0.2,0.2,0.2,0.006060844
0.98,-0.3,0.17,0,0,0,0.2,0.2,0.2,0.006060571
0.98,-0.3,0.17,0,0,0,0.2,0.2,0.2,0.006060652
0.98,-0.3,0.17,0,0,0,0.2,0.2,0.2,0.006060718
0.98,-0.3,0.17,0,0,0,0.2,0.2,0.2,0.006060733
0.98,-0.3,0.17,0,0,0,0.2,0.2,0.2,0.006060682
0.98,-0.3,0.17,0,0,0,0.2,0.2,0.2,0.006060697
0.98,-0.3,0.17,0,0,0,0.2,0.2,0.2,0.006060749
0.98,-0.3,0.17,0,0,0,0.2,0.2,0.2,0.006060659
0.98,-0.3,0.17,0,0,0,0.2,0.2,0.2,0.006060736
0.98,-0.3,0.17,0,0,0,0.2,0.2,0.2,0.006060688
0.98,-0.3,0.17,0,0,0,0.2,0.2,0.2,0.006060654
0.98,-0.3,0.17,0,0,0,0.2,0.2,0.2,0.00606077
0.98,-0.3,0.17,0,0,0,0.2,0.2,0.2,0.00606068
0.98,-0.3,0.17,0,0,0,0.2,0.2,0.2,0.006060782
0.98,-0.3,0.17,0,0,0,0.2,0.2,0.2,0.006060672
0.98,-0.3,0.17,0,0,0,0.2,0.2,0.2,0.006060653
0.98,-0.3,0.17,0,0,0,0.2,0.2,0.2,0.006060745
0.98,-0.3,0.17,0,0,0,0.2,0.2,0.2,0.006060644
0.98,-0.3,0.17,0,0,0,0.2,0.2,0.2,0.006060699
0.98,-0.3,0.17,0,0,0,0.2,0.2,0.2,0.006060726
0.98,-0.3,0.17,0,0,0,0.2,0.2,0.2,0.006060722
0.98,-0.3,0.17,0,0,0,0.2,0.2,0.2,0.006060646
0.98,-0.3,0.17,0,0,0,0.2,0.2,0.2,0.006060698
0.98,-0.3,0.17,0,0,0,0.2,0.2,0.2,0.006060756
0.98,-0.3,0.17,0,0,0,0.2,0.2,0.2,0.006060682
0.98,-0.3,0.17,0,0,0,0.2,0.2,0.2,0.006060695
0.98,-0.3,0.17,0,0,0,0.2,0.2,0.2,0.006060717
0.98,-0.3,0.17,0,0,0,0.2,0.2,0.2,0.006060673
0.98,-0.3,0.17,0,0,0,0.2,0.2,0.2,0.006060722
0.98,-0.3,0.17,0,0,0,0.2,0.2,0.2,0.006060765
0.98,-0.3,0.17,0,0,0,0.2,0.2,0.2,0.006060657
0.98,-0.3,0.17,0,0,0,0.2,0.2,0.2,0.006060779
0.98,-0.3,0.17,0,0,0,0.2,0.2,0.2,0.006060869
0.98,-0.3,0.17,0,0,0,0.2,0.2,0.2,0.00606054
0.98,-0.3,0.17,0,0,0,0.2,0.2,0.2,0.006060659
0.98,-0.3,0.17,0,0,0,0.2,0.2,0.2,0.006060691
0.98,-0.3,0.17,0,0,0,0.2,0.2,0.2,0.006060756
0.98,-0.3,0.17,0,0,0,0.2,0.2,0.2,0.006060664
0.98,-0.3,0.17,0,0,0,0.2,0.2,0.2,0.006060706
0.98,-0.3,0.17,0,0,0,0.2,0.2,0.2,0.006060692
0.98,-0.3,0.17,0,0,0,0.2,0.2,0.2,0.006060739
0.98,-0.3,0.17,0,0,0,0.2,0.2,0.2,0.006060689
0.98,-0.3,0.17,0,0,0,0.2,0.2,0.2,0.006060717
0.98,-0.3,0.17,0,0,0,0.2,0.2,0.2,0.006060679
0.98,-0.3,0.17,0,0,0,0.2,0.2,0.2,0.006060717
0.98,-0.3,0.17,0,0,0,0.2,0.2,0.2,0.006060718
0.98,-0.3,0.17,0,0,0,0.2,0.2,0.2,0.00606072
0.98,-0.3,0.17,0,0,0,0.2,0.2,0.2,0.006060686
0.98,-0.3,0.17,0,0,0,0.2,0.2,0.2,0.006060747
0.98,-0.3,0.17,0,0,0,0.2,0.2,0.2,0.00606065
0.98,-0.3,0.17,0,0,0,0.2,0.2,0.2,0.006060732
0.98,-0.3,0.17,0,0,0,0.2,0.2,0.2,0.006060756
0.98,-0.3,0.17,0,0,0,0.2,0.2,0.2,0.006060688
0.98,-0.3,0.17,0,0,0,0.2,0.2,0.2,0.006060694
0.98,-0.3,0.17,0,0,0,0.2,0.2,0.2,0.006060705
0.98,-0.3,0.17,0,0,0,0.2,0.2,0.2,0.006060663
0.98,-0.3,0.17,0,0,0,0.2,0.2,0.2,0.006060722
0.98,-0.3,0.17,0,0,0,0.2,0.2,0.2,0.006060723
0.98,-0.3,0.17,0,0,0,0.2,0.2,0.2,0.006060711
0.98,-0.3,0.17,0,0,0,0.2,0.2,0.2,0.006060715
0.98,-0.3,0.17,0,0,0,0.2,0.2,0.2,0.006060675
0.98,-0.3,0.17,0,0,0,0.2,0.2,0.2,0.006060763
0.98,-0.3,0.17,0,0,0,0.2,0.2,0.2,0.006060692
0.98,-0.3,0.17,0,0,0,0.2,0.2,0.2,0.006060766
0.98,-0.3,0.17,0,0,0,0.2,0.2,0.2,0.006060771
0.98,-0.3,0.17,0,0,0,0.2,0.2,0.2,0.006060675
0.98,-0.3,0.17,0,0,0,0.2,0.2,0.2,0.006060836
0.98,-0.3,0.17,0,0,0,0.2,0.2,0.2,0.006060603
0.98,-0.3,0.17,0,0,0,0.2,0.2,0.2,0.006060733
0.98,-0.3,0.17,0,0,0,0.2,0.2,0.2,0.00606069
0.98,-0.3,0.17,0,0,0,0.2,0.2,0.2,0.006060702
0.98,-0.3,0.17,0,0,0,0.2,0.2,0.2,0.006060725
0.98,-0.3,0.17,0,0,0,0.2,0.2,0.2,0.006060683
0.98,-0.3,0.17,0,0,0,0.2,0.2,0.2,0.006060753
0.98,-0.3,0.17,0,0,0,0.2,0.2,0.2,0.006060742
0.98,-0.3,0.17,0,0,0,0.2,0.2,0.2,0.006060678
0.98,-0.3,0.17,0,0,0,0.2,0.2,0.2,0.006060707
0.98,-0.3,0.17,0,0,0,0.2,0.2,0.2,0.006060678
0.98,-0.3,0.17,0,0,0,0.2,0.2,0.2,0.006060714
0.98,-0.3,0.17,0,0,0,0.2,0.2,0.2,0.006060754
0.98,-0.3,0.17,0,0,0,0.2,0.2,0.2,0.006060693
0.98,-0.3,0.17,0,0,0,0.2,0.2,0.2,0.006060721
0.98,-0.3,0.17,0,0,0,0.2,0.2,0.2,0.006060658
0.98,-0.3,0.17,0,0,0,0.2,0.2,0.2,0.006060723
0.98,-0.3,0.17,0,0,0,0.2,0.2,0.2,0.006060695
0.98,-0.3,0.17,0,0,0,0.2,0.2,0.2,0.006060694
0.98,-0.3,0.17,0,0,0,0.2,0.2,0.2,0.006060729
0.98,-0.3,0.17,0,0,0,0.2,0.2,0.2,0.006060662
0.98,-0.3,0.17,0,0,0,0.2,0.2,0.2,0.006060767
0.98,-0.3,0.17,0,0,0,0.2,0.2,0.2,0.006060729
0.98,-0.3,0.17,0,0,0,0.2,0.2,0.2,0.006060676
0.98,-0.3,0.17,0,0,0,0.2,0.2,0.2,0.006060737
0.98,-0.3,0.17,0,0,0,0.2,0.2,0.2,0.006060714
0.98,-0.3,0.17,0,0,0,0.2,0.2,0.2,0.006060731
0.98,-0.3,0.17,0,0,0,0.2,0.2,0.2,0.006060684
0.98,-0.3,0.17,0,0,0,0.2,0.2,0.2,0.006060645
0.98,-0.3,0.17,0,0,0,0.2,0.2,0.2,0.006060724
0.98,-0.3,0.17,0,0,0,0.2,0.2,0.2,0.006060743
0.98,-0.3,0.17,0,0,0,0.2,0.2,0.2,0.006060664
0.98,-0.3,0.17,0,0,0,0.2,0.2,0.2,0.006060824
0.98,-0.3,0.17,0,0,0,0.2,0.2,0.2,0.006060571
0.98,-0.3,0.17,0,0,0,0.2,0.2,0.2,0.006060696
0.98,-0.3,0.17,0,0,0,0.2,0.2,0.2,0.006060694
0.98,-0.3,0.17,0,0,0,0.2,0.2,0.2,0.006060685
0.98,-0.3,0.17,0,0,0,0.2,0.2,0.2,0.006060705
0.98,-0.3,0.17,0,0,0,0.2,0.2,0.2,0.006060716
0.98,-0.3,0.17,0,0,0,0.2,0.2,0.2,0.006060658
0.98,-0.3,0.17,0,0,0,0.2,0.2,0.2,0.006060748
0.98,-0.3,0.17,0,0,0,0.2,0.2,0.2,0.006060702
0.98,-0.3,0.17,0,0,0,0.2,0.2,0.2,0.006060692
0.98,-0.3,0.17,0,0,0,0.2,0.2,0.2,0.006060713
0.98,-0.3,0.17,0,0,0,0.2,0.2,0.2,0.006060727
0.98,-0.3,0.17,0,0,0,0.2,0.2,0.2,0.006060764
0.98,-0.3,0.17,0,0,0,0.2,0.2,0.2,0.006060695
0.98,-0.3,0.17,0,0,0,0.2,0.2,0.2,0.006060736
0.98,-0.3,0.17,0,0,0,0.2,0.2,0.2,0.006060685
0.98,-0.3,0.17,0,0,0,0.2,0.2,0.2,0.006060699
0.98,-0.3,0.17,0,0,0,0.2,0.2,0.2,0.006060683
0.98,-0.3,0.17,0,0,0,0.2,0.2,0.2,0.006060731
0.98,-0.3,0.17,0,0,0,0.2,0.2,0.2,0.006060688
0.98,-0.3,0.17,0,0,0,0.2,0.2,0.2,0.00606073
0.98,-0.3,0.17,0,0,0,0.2,0.2,0.2,0.006060635
0.98,-0.3,0.17,0,0,0,0.2,0.2,0.2,0.006060704
0.98,-0.3,0.17,0,0,0,0.2,0.2,0.2,0.006060711
0.98,-0.3,0.17,0,0,0,0.2,0.2,0.2,0.006060773
0.98,-0.3,0.17,0,0,0,0.2,0.2,0.2,0.006060689
0.98,-0.3,0.17,0,0,0,0.2,0.2,0.2,0.00606066
0.98,-0.3,0.17,0,0,0,0.2,0.2,0.2,0.006060694
0.98,-0.3,0.17,0,0,0,0.2,0.2,0.2,0.006060762
0.98,-0.3,0.17,0,0,0,0.2,0.2,0.2,0.006060659
0.98,-0.3,0.17,0,0,0,0.2,0.2,0.2,0.006060735
0.98,-0.3,0.17,0,0,0,0.2,0.2,0.2,0.006060721
0.98,-0.3,0.17,0,0,0,0.2,0.2,0.2,0.00606076
0.98,-0.3,0.17,0,0,0,0.2,0.2,0.2,0.006061017
0.98,-0.3,0.17,0,0,0,0.2,0.2,0.2,0.006060363
0.98,-0.3,0.17,0,0,0,0.2,0.2,0.2,0.006060721
0.98,-0.3,0.17,0,0,0,0.2,0.2,0.2,0.00606073
0.98,-0.3,0.17,0,0,0,0.2,0.2,0.2,0.006060697
0.98,-0.3,0.17,0,0,0,0.2,0.2,0.2,0.006060728
0.98,-0.3,0.17,0,0,0,0.2,0.2,0.2,0.0060607
0.98,-0.3,0.17,0,0,0,0.2,0.2,0.2,0.006060743
0.98,-0.3,0.17,0,0,0,0.2,0.2,0.2,0.006060722
0.98,-0.3,0.17,0,0,0,0.2,0.2,0.2,0.006060668
0.98,-0.3,0.17,0,0,0,0.2,0.2,0.2,0.006060703
0.98,-0.3,0.17,0,0,0,0.2,0.2,0.2,0.006060697
0.98,-0.3,0.17,0,0,0,0.2,0.2,0.2,0.006060746
0.98,-0.3,0.17,0,0,0,0.2,0.2,0.2,0.00606066
0.98,-0.3,0.17,0,0,0,0.2,0.2,0.2,0.006060723
0.98,-0.3,0.17,0,0,0,0.2,0.2,0.2,0.006060669
0.98,-0.3,0.17,0,0,0,0.2,0.2,0.2,0.006060777
0.98,-0.3,0.17,0,0,0,0.2,0.2,0.2,0.00606067
0.98,-0.3,0.17,0,0,0,0.2,0.2,0.2,0.00606086
0.98,-0.3,0.17,0,0,0,0.2,0.2,0.2,0.00606057
0.98,-0.3,0.17,0,0,0,0.2,0.2,0.2,0.006060751
0.98,-0.3,0.17,0,0,0,0.2,0.2,0.2,0.006060655
0.98,-0.3,0.17,0,0,0,0.2,0.2,0.2,0.006060728
0.98,-0.3,0.17,0,0,0,0.2,0.2,0.2,0.006060732
0.98,-0.3,0.17,0,0,0,0.2,0.2,0.2,0.006060722
0.98,-0.3,0.17,0,0,0,0.2,0.2,0.2,0.006060738
0.98,-0.3,0.17,0,0,0,0.2,0.2,0.2,0.006060682
0.98,-0.3,0.17,0,0,0,0.2,0.2,0.2,0.006060732
0.98,-0.3,0.17,0,0,0,0.2,0.2,0.2,0.006060731
0.98,-0.3,0.17,0,0,0,0.2,0.2,0.2,0.006060662
0.98,-0.3,0.17,0,0,0,0.2,0.2,0.2,0.00606071
0.98,-0.3,0.17,0,0,0,0.2,0.2,0.2,0.006060691
0.98,-0.3,0.17,0,0,0,0.2,0.2,0.2,0.006060849
0.98,-0.3,0.17,0,0,0,0.2,0.2,0.2,0.00606084
0.98,-0.3,0.17,0,0,0,0.2,0.2,0.2,0.006060448
0.98,-0.3,0.17,0,0,0,0.2,0.2,0.2,0.00606068
0.98,-0.3,0.17,0,0,0,0.2,0.2,0.2,0.006060693
0.98,-0.3,0.17,0,0,0,0.2,0.2,0.2,0.006060711
0.98,-0.3,0.17,0,0,0,0.2,0.2,0.2,0.006060724
0.98,-0.3,0.17,0,0,0,0.2,0.2,0.2,0.006060678
0.98,-0.3,0.17,0,0,0,0.2,0.2,0.2,0.006060744
0.98,-0.3,0.17,0,0,0,0.2,0.2,0.2,0.006060724
0.98,-0.3,0.17,0,0,0,0.2,0.2,0.2,0.006060653
0.98,-0.3,0.17,0,0,0,0.2,0.2,0.2,0.0060607
0.98,-0.3,0.17,0,0,0,0.2,0.2,0.2,0.006060705
0.98,-0.3,0.17,0,0,0,0.2,0.2,0.2,0.006060789
0.98,-0.3,0.17,0,0,0,0.2,0.2,0.2,0.006060672
0.98,-0.3,0.17,0,0,0,0.2,0.2,0.2,0.006060736
0.98,-0.3,0.17,0,0,0,0.2,0.2,0.2,0.006060677
0.98,-0.3,0.17,0,0,0,0.2,0.2,0.2,0.006060731
0.98,-0.3,0.17,0,0,0,0.2,0.2,0.2,0.006060696
0.98,-0.3,0.17,0,0,0,0.2,0.2,0.2,0.006060714
0.98,-0.3,0.17,0,0,0,0.2,0.2,0.2,0.00606071
0.98,-0.3,0.17,0,0,0,0.2,0.2,0.2,0.006060722
0.98,-0.3,0.17,0,0,0,0.2,0.2,0.2,0.006060712
0.98,-0.3,0.17,0,0,0,0.2,0.2,0.2,0.00606071
0.98,-0.3,0.17,0,0,0,0.2,0.2,0.2,0.006060678
0.98,-0.3,0.17,0,0,0,0.2,0.2,0.2,0.006060773
0.98,-0.3,0.17,0,0,0,0.2,0.2,0.2,0.006060683
0.98,-0.3,0.17,0,0,0,0.2,0.2,0.2,0.006060642
0.98,-0.3,0.17,0,0,0,0.2,0.2,0.2,0.00606073
0.98,-0.3,0.17,0,0,0,0.2,0.2,0.2,0.006060713
0.98,-0.3,0.17,0,0,0,0.2,0.2,0.2,0.006060682
0.98,-0.3,0.17,0,0,0,0.2,0.2,0.2,0.006060772
0.98,-0.3,0.17,0,0,0,0.2,0.2,0.2,0.006060687
0.98,-0.3,0.17,0,0,0,0.2,0.2,0.2,0.006060706
0.98,-0.3,0.17,0,0,0,0.2,0.2,0.2,0.006060905
0.98,-0.3,0.17,0,0,0,0.2,0.2,0.2,0.006060562
0.98,-0.3,0.17,0,0,0,0.2,0.2,0.2,0.006060674
0.98,-0.3,0.17,0,0,0,0.2,0.2,0.2,0.006060743
0.98,-0.3,0.17,0,0,0,0.2,0.2,0.2,0.006060718
0.98,-0.3,0.17,0,0,0,0.2,0.2,0.2,0.00606067
0.98,-0.3,0.17,0,0,0,0.2,0.2,0.2,0.006060726
0.98,-0.3,0.17,0,0,0,0.2,0.2,0.2,0.006060752
0.98,-0.3,0.17,0,0,0,0.2,0.2,0.2,0.006060689
0.98,-0.3,0.17,0,0,0,0.2,0.2,0.2,0.006060729
0.98,-0.3,0.17,0,0,0,0.2,0.2,0.2,0.006060667
0.98,-0.3,0.17,0,0,0,0.2,0.2,0.2,0.006060718
0.98,-0.3,0.17,0,0,0,0.2,0.2,0.2,0.006060754
0.98,-0.3,0.17,0,0,0,0.2,0.2,0.2,0.006060656
0.98,-0.3,0.17,0,0,0,0.2,0.2,0.2,0.00606069
0.98,-0.3,0.17,0,0,0,0.2,0.2,0.2,0.006060688
0.98,-0.3,0.17,0,0,0,0.2,0.2,0.2,0.006060752
0.98,-0.3,0.17,0,0,0,0.2,0.2,0.2,0.00606072
0.98,-0.3,0.17,0,0,0,0.2,0.2,0.2,0.006060705
0.98,-0.3,0.17,0,0,0,0.2,0.2,0.2,0.006060716
0.98,-0.3,0.17,0,0,0,0.2,0.2,0.2,0.006060768
0.98,-0.3,0.17,0,0,0,0.2,0.2,0.2,0.006060671
0.98,-0.3,0.17,0,0,0,0.2,0.2,0.2,0.006060729
0.98,-0.3,0.17,0,0,0,0.2,0.2,0.2,0.006060711
0.98,-0.3,0.17,0,0,0,0.2,0.2,0.2,0.006060735
0.98,-0.3,0.17,0,0,0,0.2,0.2,0.2,0.006060729
0.98,-0.3,0.17,0,0,0,0.2,0.2,0.2,0.006060648
0.98,-0.3,0.17,0,0,0,0.2,0.2,0.2,0.00606074
0.98,-0.3,0.17,0,0,0,0.2,0.2,0.2,0.006060732
0.98,-0.3,0.17,0,0,0,0.2,0.2,0.2,0.006060635
0.98,-0.3,0.17,0,0,0,0.2,0.2,0.2,0.006060714
0.98,-0.3,0.17,0,0,0,0.2,0.2,0.2,0.006060692
0.98,-0.3,0.17,0,0,0,0.2,0.2,0.2,0.006060723
0.98,-0.3,0.17,0,0,0,0.2,0.2,0.2,0.006060746
0.98,-0.3,0.17,0,0,0,0.2,0.2,0.2,0.00606108
0.98,-0.3,0.17,0,0,0,0.2,0.2,0.2,0.006060272
0.98,-0.3,0.17,0,0,0,0.2,0.2,0.2,0.006060698
0.98,-0.3,0.17,0,0,0,0.2,0.2,0.2,0.006060749
0.98,-0.3,0.17,0,0,0,0.2,0.2,0.2,0.006060688
0.98,-0.3,0.17,0,0,0,0.2,0.2,0.2,0.006060723
0.98,-0.3,0.17,0,0,0,0.2,0.2,0.2,0.006060732
0.98,-0.3,0.17,0,0,0,0.2,0.2,0.2,0.006060639
0.98,-0.3,0.17,0,0,0,0.2,0.2,0.2,0.00606071
0.98,-0.3,0.17,0,0,0,0.2,0.2,0.2,0.006060712
0.98,-0.3,0.17,0,0,0,0.2,0.2,0.2,0.006060691
0.98,-0.3,0.17,0,0,0,0.2,0.2,0.2,0.006060758
0.98,-0.3,0.17,0,0,0,0.2,0.2,0.2,0.006060676
0.98,-0.3,0.17,0,0,0,0.2,0.2,0.2,0.006060708
0.98,-0.3,0.17,0,0,0,0.2,0.2,0.2,0.006060747
0.98,-0.3,0.17,0,0,0,0.2,0.2,0.2,0.006060709
0.98,-0.3,0.17,0,0,0,0.2,0.2,0.2,0.006060686
0.98,-0.3,0.17,0,0,0,0.2,0.2,0.2,0.006060694
0.98,-0.3,0.17,0,0,0,0.2,0.2,0.2,0.00606072
0.98,-0.3,0.17,0,0,0,0.2,0.2,0.2,0.006060757
0.98,-0.3,0.17,0,0,0,0.2,0.2,0.2,0.00606068
0.98,-0.3,0.17,0,0,0,0.2,0.2,0.2,0.006060714
0.98,-0.3,0.17,0,0,0,0.2,0.2,0.2,0.006060731
0.98,-0.3,0.17,0,0,0,0.2,0.2,0.2,0.006060766
0.98,-0.3,0.17,0,0,0,0.2,0.2,0.2,0.006060703
0.98,-0.3,0.17,0,0,0,0.2,0.2,0.2,0.006060667
0.98,-0.3,0.17,0,0,0,0.2,0.2,0.2,0.006060692
0.98,-0.3,0.17,0,0,0,0.2,0.2,0.2,0.006060701
0.98,-0.3,0.17,0,0,0,0.2,0.2,0.2,0.00606072
0.98,-0.3,0.17,0,0,0,0.2,0.2,0.2,0.006060762
0.98,-0.3,0.17,0,0,0,0.2,0.2,0.2,0.006060701
0.98,-0.3,0.17,0,0,0,0.2,0.2,0.2,0.006060713
0.98,-0.3,0.17,0,0,0,0.2,0.2,0.2,0.006060729
0.98,-0.3,0.17,0,0,0,0.2,0.2,0.2,0.006060856
0.98,-0.3,0.17,0,0,0,0.2,0.2,0.2,0.006060547
0.98,-0.3,0.17,0,0,0,0.2,0.2,0.2,0.006060672
0.98,-0.3,0.17,0,0,0,0.2,0.2,0.2,0.006060728
0.98,-0.3,0.17,0,0,0,0.2,0.2,0.2,0.006060708
0.98,-0.3,0.17,0,0,0,0.2,0.2,0.2,0.006060623
0.98,-0.3,0.17,0,0,0,0.2,0.2,0.2,0.006060751
0.98,-0.3,0.17,0,0,0,0.2,0.2,0.2,0.006060683
0.98,-0.3,0.17,0,0,0,0.2,0.2,0.2,0.00606071
0.98,-0.3,0.17,0,0,0,0.2,0.2,0.2,0.006060729
0.98,-0.3,0.17,0,0,0,0.2,0.2,0.2,0.006060732
0.98,-0.3,0.17,0,0,0,0.2,0.2,0.2,0.00606075
0.98,-0.3,0.17,0,0,0,0.2,0.2,0.2,0.006060678
0.98,-0.3,0.17,0,0,0,0.2,0.2,0.2,0.006060733
0.98,-0.3,0.17,0,0,0,0.2,0.2,0.2,0.006060734
0.98,-0.3,0.17,0,0,0,0.2,0.2,0.2,0.006060688
0.98,-0.3,0.17,0,0,0,0.2,0.2,0.2,0.006060691
0.98,-0.3,0.17,0,0,0,0.2,0.2,0.2,0.00606069
0.98,-0.3,0.17,0,0,0,0.2,0.2,0.2,0.00606072
0.98,-0.3,0.17,0,0,0,0.2,0.2,0.2,0.006060707
0.98,-0.3,0.17,0,0,0,0.2,0.2,0.2,0.006060605
0.98,-0.3,0.17,0,0,0,0.2,0.2,0.2,0.006060814
0.98,-0.3,0.17,0,0,0,0.2,0.2,0.2,0.006060715
0.98,-0.3,0.17,0,0,0,0.2,0.2,0.2,0.006060746
0.98,-0.3,0.17,0,0,0,0.2,0.2,0.2,0.006060739
0.98,-0.3,0.17,0,0,0,0.2,0.2,0.2,0.006060655
0.98,-0.3,0.17,0,0,0,0.2,0.2,0.2,0.006060717
0.98,-0.3,0.17,0,0,0,0.2,0.2,0.2,0.00606066
0.98,-0.3,0.17,0,0,0,0.2,0.2,0.2,0.006060706
0.98,-0.3,0.17,0,0,0,0.2,0.2,0.2,0.0060607
0.98,-0.3,0.17,0,0,0,0.2,0.2,0.2,0.00606075
0.98,-0.3,0.17,0,0,0,0.2,0.2,0.2,0.006060719
0.98,-0.3,0.17,0,0,0,0.2,0.2,0.2,0.006060732
0.98,-0.3,0.17,0,0,0,0.2,0.2,0.2,0.00606071
0.98,-0.3,0.17,0,0,0,0.2,0.2,0.2,0.006060906
0.98,-0.3,0.17,0,0,0,0.2,0.2,0.2,0.006060525
0.98,-0.3,0.17,0,0,0,0.2,0.2,0.2,0.006060684
0.98,-0.3,0.17,0,0,0,0.2,0.2,0.2,0.006060758
0.98,-0.3,0.17,0,0,0,0.2,0.2,0.2,0.006060674
0.98,-0.3,0.17,0,0,0,0.2,0.2,0.2,0.006060715
0.98,-0.3,0.17,0,0,0,0.2,0.2,0.2,0.00606071
0.98,-0.3,0.17,0,0,0,0.2,0.2,0.2,0.006062764
0.98,-0.3,0.17,0,0,0,0.2,0.2,0.2,0.006060636
0.98,-0.3,0.17,0,0,0,0.2,0.2,0.2,0.006060727
0.98,-0.3,0.17,0,0,0,0.2,0.2,0.2,0.006060681
0.98,-0.3,0.17,0,0,0,0.2,0.2,0.2,0.006060749
0.98,-0.3,0.17,0,0,0,0.2,0.2,0.2,0.006060687
0.98,-0.3,0.17,0,0,0,0.2,0.2,0.2,0.006060736
0.98,-0.3,0.17,0,0,0,0.2,0.2,0.2,0.006060663
0.98,-0.3,0.17,0,0,0,0.2,0.2,0.2,0.006060728
0.98,-0.3,0.17,0,0,0,0.2,0.2,0.2,0.006060721
0.98,-0.3,0.17,0,0,0,0.2,0.2,0.2,0.006060674
0.98,-0.3,0.17,0,0,0,0.2,0.2,0.2,0.006060694
0.98,-0.3,0.17,0,0,0,0.2,0.2,0.2,0.006060757
0.98,-0.3,0.17,0,0,0,0.2,0.2,0.2,0.006060681
0.98,-0.3,0.17,0,0,0,0.2,0.2,0.2,0.006060759
0.98,-0.3,0.17,0,0,0,0.2,0.2,0.2,0.006060688
0.98,-0.3,0.17,0,0,0,0.2,0.2,0.2,0.006060684
0.98,-0.3,0.17,0,0,0,0.2,0.2,0.2,0.006060799
0.98,-0.3,0.17,0,0,0,0.2,0.2,0.2,0.006060645
0.98,-0.3,0.17,0,0,0,0.2,0.2,0.2,0.006060767
0.98,-0.3,0.17,0,0,0,0.2,0.2,0.2,0.00606064
0.98,-0.3,0.17,0,0,0,0.2,0.2,0.2,0.006060747
0.98,-0.3,0.17,0,0,0,0.2,0.2,0.2,0.006060796
0.98,-0.3,0.17,0,0,0,0.2,0.2,0.2,0.00606065
0.98,-0.3,0.17,0,0,0,0.2,0.2,0.2,0.006060661
0.98,-0.3,0.17,0,0,0,0.2,0.2,0.2,0.006060716
0.98,-0.3,0.17,0,0,0,0.2,0.2,0.2,0.006060775
0.98,-0.3,0.17,0,0,0,0.2,0.2,0.2,0.006060643
0.98,-0.3,0.17,0,0,0,0.2,0.2,0.2,0.006060706
0.98,-0.3,0.17,0,0,0,0.2,0.2,0.2,0.006060768
0.98,-0.3,0.17,0,0,0,0.2,0.2,0.2,0.006060699
0.98,-0.3,0.17,0,0,0,0.2,0.2,0.2,0.006060685
0.98,-0.3,0.17,0,0,0,0.2,0.2,0.2,0.006060665
0.98,-0.3,0.17,0,0,0,0.2,0.2,0.2,0.00606074
0.98,-0.3,0.17,0,0,0,0.2,0.2,0.2,0.006060747
0.98,-0.3,0.17,0,0,0,0.2,0.2,0.2,0.006060638
0.98,-0.3,0.17,0,0,0,0.2,0.2,0.2,0.006060738
0.98,-0.3,0.17,0,0,0,0.2,0.2,0.2,0.006060715
0.98,-0.3,0.17,0,0,0,0.2,0.2,0.2,0.006060683
0.98,-0.3,0.17,0,0,0,0.2,0.2,0.2,0.006060721
0.98,-0.3,0.17,0,0,0,0.2,0.2,0.2,0.006060681
0.98,-0.3,0.17,0,0,0,0.2,0.2,0.2,0.006060705
0.98,-0.3,0.17,0,0,0,0.2,0.2,0.2,0.0060607
0.98,-0.3,0.17,0,0,0,0.2,0.2,0.2,0.006060673
0.98,-0.3,0.17,0,0,0,0.2,0.2,0.2,0.0060607
0.98,-0.3,0.17,0,0,0,0.2,0.2,0.2,0.006060733
0.98,-0.3,0.17,0,0,0,0.2,0.2,0.2,0.006060657
0.98,-0.3,0.17,0,0,0,0.2,0.2,0.2,0.006060737
0.98,-0.3,0.17,0,0,0,0.2,0.2,0.2,0.006060655
0.98,-0.3,0.17,0,0,0,0.2,0.2,0.2,0.006060774
0.98,-0.3,0.17,0,0,0,0.2,0.2,0.2,0.006060686
0.98,-0.3,0.17,0,0,0,0.2,0.2,0.2,0.006060681
0.98,-0.3,0.17,0,0,0,0.2,0.2,0.2,0.006060676
0.98,-0.3,0.17,0,0,0,0.2,0.2,0.2,0.006060779
0.98,-0.3,0.17,0,0,0,0.2,0.2,0.2,0.006060671
0.98,-0.3,0.17,0,0,0,0.2,0.2,0.2,0.006060786
0.98,-0.3,0.17,0,0,0,0.2,0.2,0.2,0.00606068
0.98,-0.3,0.17,0,0,0,0.2,0.2,0.2,0.006060716
0.98,-0.3,0.17,0,0,0,0.2,0.2,0.2,0.006060678
0.98,-0.3,0.17,0,0,0,0.2,0.2,0.2,0.006061012
0.98,-0.3,0.17,0,0,0,0.2,0.2,0.2,0.006060402
0.98,-0.3,0.17,0,0,0,0.2,0.2,0.2,0.006060752
0.98,-0.3,0.17,0,0,0,0.2,0.2,0.2,0.006060648
0.98,-0.3,0.17,0,0,0,0.2,0.2,0.2,0.006060744
0.98,-0.3,0.17,0,0,0,0.2,0.2,0.2,0.006060687
0.98,-0.3,0.17,0,0,0,0.2,0.2,0.2,0.006060734
0.98,-0.3,0.17,0,0,0,0.2,0.2,0.2,0.006060725
0.98,-0.3,0.17,0,0,0,0.2,0.2,0.2,0.006060624
0.98,-0.3,0.17,0,0,0,0.2,0.2,0.2,0.006060712
0.98,-0.3,0.17,0,0,0,0.2,0.2,0.2,0.006060684
0.98,-0.3,0.17,0,0,0,0.2,0.2,0.2,0.006060706
0.98,-0.3,0.17,0,0,0,0.2,0.2,0.2,0.006060717
0.98,-0.3,0.17,0,0,0,0.2,0.2,0.2,0.006060699
0.98,-0.3,0.17,0,0,0,0.2,0.2,0.2,0.006060732
0.98,-0.3,0.17,0,0,0,0.2,0.2,0.2,0.006060656
0.98,-0.3,0.17,0,0,0,0.2,0.2,0.2,0.006060751
0.98,-0.3,0.17,0,0,0,0.2,0.2,0.2,0.00606064
0.98,-0.3,0.17,0,0,0,0.2,0.2,0.2,0.006060694
0.98,-0.3,0.17,0,0,0,0.2,0.2,0.2,0.006060732
0.98,-0.3,0.17,0,0,0,0.2,0.2,0.2,0.006060647
0.98,-0.3,0.17,0,0,0,0.2,0.2,0.2,0.006060695
0.98,-0.3,0.17,0,0,0,0.2,0.2,0.2,0.006060811
0.98,-0.3,0.17,0,0,0,0.2,0.2,0.2,0.006060686
0.98,-0.3,0.17,0,0,0,0.2,0.2,0.2,0.006060704
0.98,-0.3,0.17,0,0,0,0.2,0.2,0.2,0.006060682
0.98,-0.3,0.17,0,0,0,0.2,0.2,0.2,0.00606072
0.98,-0.3,0.17,0,0,0,0.2,0.2,0.2,0.006060735
0.98,-0.3,0.17,0,0,0,0.2,0.2,0.2,0.006060686
0.98,-0.3,0.17,0,0,0,0.2,0.2,0.2,0.006060699
0.98,-0.3,0.17,0,0,0,0.2,0.2,0.2,0.006060715
0.98,-0.3,0.17,0,0,0,0.2,0.2,0.2,0.006060717
0.98,-0.3,0.17,0,0,0,0.2,0.2,0.2,0.006060674
0.98,-0.3,0.17,0,0,0,0.2,0.2,0.2,0.006060837
0.98,-0.3,0.17,0,0,0,0.2,0.2,0.2,0.00606084
0.98,-0.3,0.17,0,0,0,0.2,0.2,0.2,0.006060483
0.98,-0.3,0.17,0,0,0,0.2,0.2,0.2,0.006060701
0.98,-0.3,0.17,0,0,0,0.2,0.2,0.2,0.006060747
0.98,-0.3,0.17,0,0,0,0.2,0.2,0.2,0.006060698
0.98,-0.3,0.17,0,0,0,0.2,0.2,0.2,0.006060707
0.98,-0.3,0.17,0,0,0,0.2,0.2,0.2,0.006060747
0.98,-0.3,0.17,0,0,0,0.2,0.2,0.2,0.006060696
0.98,-0.3,0.17,0,0,0,0.2,0.2,0.2,0.006060698
0.98,-0.3,0.17,0,0,0,0.2,0.2,0.2,0.006060726
0.98,-0.3,0.17,0,0,0,0.2,0.2,0.2,0.006060707
0.98,-0.3,0.17,0,0,0,0.2,0.2,0.2,0.006060726
0.98,-0.3,0.17,0,0,0,0.2,0.2,0.2,0.006060737
0.98,-0.3,0.17,0,0,0,0.2,0.2,0.2,0.006060689
0.98,-0.3,0.17,0,0,0,0.2,0.2,0.2,0.006060677
0.98,-0.3,0.17,0,0,0,0.2,0.2,0.2,0.006060703
0.98,-0.3,0.17,0,0,0,0.2,0.2,0.2,0.006060713
0.98,-0.3,0.17,0,0,0,0.2,0.2,0.2,0.006060706
0.98,-0.3,0.17,0,0,0,0.2,0.2,0.2,0.006060709
0.98,-0.3,0.17,0,0,0,0.2,0.2,0.2,0.006060691
0.98,-0.3,0.17,0,0,0,0.2,0.2,0.2,0.006060715
0.98,-0.3,0.17,0,0,0,0.2,0.2,0.2,0.006060762
0.98,-0.3,0.17,0,0,0,0.2,0.2,0.2,0.00606068
0.98,-0.3,0.17,0,0,0,0.2,0.2,0.2,0.006060688
0.98,-0.3,0.17,0,0,0,0.2,0.2,0.2,0.00606071
0.98,-0.3,0.17,0,0,0,0.2,0.2,0.2,0.006060675
0.98,-0.3,0.17,0,0,0,0.2,0.2,0.2,0.006060755
0.98,-0.3,0.17,0,0,0,0.2,0.2,0.2,0.006060734
0.98,-0.3,0.17,0,0,0,0.2,0.2,0.2,0.006060714
0.98,-0.3,0.17,0,0,0,0.2,0.2,0.2,0.006060713
0.98,-0.3,0.17,0,0,0,0.2,0.2,0.2,0.006060674
0.98,-0.3,0.17,0,0,0,0.2,0.2,0.2,0.00606074
0.98,-0.3,0.17,0,0,0,0.2,0.2,0.2,0.006060697
0.98,-0.3,0.17,0,0,0,0.2,0.2,0.2,0.006060981
0.98,-0.3,0.17,0,0,0,0.2,0.2,0.2,0.00606044
0.98,-0.3,0.17,0,0,0,0.2,0.2,0.2,0.006060699
0.98,-0.3,0.17,0,0,0,0.2,0.2,0.2,0.006060738
0.98,-0.3,0.17,0,0,0,0.2,0.2,0.2,0.006060666
0.98,-0.3,0.17,0,0,0,0.2,0.2,0.2,0.006060737
0.98,-0.3,0.17,0,0,0,0.2,0.2,0.2,0.006060722
0.98,-0.3,0.17,0,0,0,0.2,0.2,0.2,0.00606068
0.98,-0.3,0.17,0,0,0,0.2,0.2,0.2,0.006060694
0.98,-0.3,0.17,0,0,0,0.2,0.2,0.2,0.006060746
0.98,-0.3,0.17,0,0,0,0.2,0.2,0.2,0.006060705
0.98,-0.3,0.17,0,0,0,0.2,0.2,0.2,0.006060715
0.98,-0.3,0.17,0,0,0,0.2,0.2,0.2,0.006060724
0.98,-0.3,0.17,0,0,0,0.2,0.2,0.2,0.006060696
0.98,-0.3,0.17,0,0,0,0.2,0.2,0.2,0.006060691
0.98,-0.3,0.17,0,0,0,0.2,0.2,0.2,0.006060693
0.98,-0.3,0.17,0,0,0,0.2,0.2,0.2,0.006060714
0.98,-0.3,0.17,0,0,0,0.2,0.2,0.2,0.006060737
0.98,-0.3,0.17,0,0,0,0.2,0.2,0.2,0.006060718
0.98,-0.3,0.17,0,0,0,0.2,0.2,0.2,0.006060714
0.98,-0.3,0.17,0,0,0,0.2,0.2,0.2,0.006060652
0.98,-0.3,0.17,0,0,0,0.2,0.2,0.2,0.006060695
0.98,-0.3,0.17,0,0,0,0.2,0.2,0.2,0.006060798
0.98,-0.3,0.17,0,0,0,0.2,0.2,0.2,0.006060676
0.98,-0.3,0.17,0,0,0,0.2,0.2,0.2,0.006063347
0.98,-0.3,0.17,0,0,0,0.2,0.2,0.2,0.006060576
0.98,-0.3,0.17,0,0,0,0.2,0.2,0.2,0.006060712
0.98,-0.3,0.17,0,0,0,0.2,0.2,0.2,0.006060716
0.98,-0.3,0.17,0,0,0,0.2,0.2,0.2,0.006060741
0.98,-0.3,0.17,0,0,0,0.2,0.2,0.2,0.006060734
0.98,-0.3,0.17,0,0,0,0.2,0.2,0.2,0.006060755
0.98,-0.3,0.17,0,0,0,0.2,0.2,0.2,0.006060667
0.98,-0.3,0.17,0,0,0,0.2,0.2,0.2,0.006060749
0.98,-0.3,0.17,0,0,0,0.2,0.2,0.2,0.006060773
0.98,-0.3,0.17,0,0,0,0.2,0.2,0.2,0.006060838
0.98,-0.3,0.17,0,0,0,0.2,0.2,0.2,0.006060542
0.98,-0.3,0.17,0,0,0,0.2,0.2,0.2,0.006060749
0.98,-0.3,0.17,0,0,0,0.2,0.2,0.2,0.006060682
0.98,-0.3,0.17,0,0,0,0.2,0.2,0.2,0.006060681
0.98,-0.3,0.17,0,0,0,0.2,0.2,0.2,0.006060737
0.98,-0.3,0.17,0,0,0,0.2,0.2,0.2,0.006060674
0.98,-0.3,0.17,0,0,0,0.2,0.2,0.2,0.006060712
0.98,-0.3,0.17,0,0,0,0.2,0.2,0.2,0.006060713
0.98,-0.3,0.17,0,0,0,0.2,0.2,0.2,0.006060717
0.98,-0.3,0.17,0,0,0,0.2,0.2,0.2,0.006060726
0.98,-0.3,0.17,0,0,0,0.2,0.2,0.2,0.006060692
0.98,-0.3,0.17,0,0,0,0.2,0.2,0.2,0.006060754
0.98,-0.3,0.17,0,0,0,0.2,0.2,0.2,0.006060672
0.98,-0.3,0.17,0,0,0,0.2,0.2,0.2,0.006060715
0.98,-0.3,0.17,0,0,0,0.2,0.2,0.2,0.0060607
0.98,-0.3,0.17,0,0,0,0.2,0.2,0.2,0.006060735
0.98,-0.3,0.17,0,0,0,0.2,0.2,0.2,0.006060725
0.98,-0.3,0.17,0,0,0,0.2,0.2,0.2,0.006060712
0.98,-0.3,0.17,0,0,0,0.2,0.2,0.2,0.006060692
0.98,-0.3,0.17,0,0,0,0.2,0.2,0.2,0.006060702
0.98,-0.3,0.17,0,0,0,0.2,0.2,0.2,0.006060773
0.98,-0.3,0.17,0,0,0,0.2,0.2,0.2,0.006060667
0.98,-0.3,0.17,0,0,0,0.2,0.2,0.2,0.006060705
0.98,-0.3,0.17,0,0,0,0.2,0.2,0.2,0.006060688
0.98,-0.3,0.17,0,0,0,0.2,0.2,0.2,0.00606072
0.98,-0.3,0.17,0,0,0,0.2,0.2,0.2,0.006060708
0.98,-0.3,0.17,0,0,0,0.2,0.2,0.2,0.006060706
0.98,-0.3,0.17,0,0,0,0.2,0.2,0.2,0.006060702
0.98,-0.3,0.17,0,0,0,0.2,0.2,0.2,0.006060677
0.98,-0.3,0.17,0,0,0,0.2,0.2,0.2,0.00606073
0.98,-0.3,0.17,0,0,0,0.2,0.2,0.2,0.006060734
0.98,-0.3,0.17,0,0,0,0.2,0.2,0.2,0.006060712
0.98,-0.3,0.17,0,0,0,0.2,0.2,0.2,0.006060899
0.98,-0.3,0.17,0,0,0,0.2,0.2,0.2,0.00606052
0.98,-0.3,0.17,0,0,0,0.2,0.2,0.2,0.006060792
0.98,-0.3,0.17,0,0,0,0.2,0.2,0.2,0.006060574
0.98,-0.3,0.17,0,0,0,0.2,0.2,0.2,0.006060701
0.98,-0.3,0.17,0,0,0,0.2,0.2,0.2,0.007357011
0.98,-0.3,0.17,0,0,0,0.2,0.2,0.2,0.006060927
0.98,-0.3,0.17,0,0,0,0.2,0.2,0.2,0.006060696
0.98,-0.3,0.17,0,0,0,0.2,0.2,0.2,0.006060679
0.98,-0.3,0.17,0,0,0,0.2,0.2,0.2,0.006060728
0.98,-0.3,0.17,0,0,0,0.2,0.2,0.2,0.00606067
0.98,-0.3,0.17,0,0,0,0.2,0.2,0.2,0.00606074
0.98,-0.3,0.17,0,0,0,0.2,0.2,0.2,0.006070695
0.98,-0.3,0.17,0,0,0,0.2,0.2,0.2,0.0060805
0.98,-0.3,0.17,0,0,0,0.2,0.2,0.2,0.006060707
0.98,-0.3,0.17,0,0,0,0.2,0.2,0.2,0.006066512
0.98,-0.3,0.17,0,0,0,0.2,0.2,0.2,0.006060672
0.98,-0.3,0.17,0,0,0,0.2,0.2,0.2,0.006060689
0.98,-0.3,0.17,0,0,0,0.2,0.2,0.2,0.006060694
0.98,-0.3,0.17,0,0,0,0.2,0.2,0.2,0.006066198
0.98,-0.3,0.17,0,0,0,0.2,0.2,0.2,0.0060676
0.98,-0.3,0.17,0,0,0,0.2,0.2,0.2,0.006068149
0.98,-0.3,0.17,0,0,0,0.2,0.2,0.2,0.006068213
0.98,-0.3,0.17,0,0,0,0.2,0.2,0.2,0.006069768
0.98,-0.3,0.17,0,0,0,0.2,0.2,0.2,0.006060699
0.98,-0.3,0.17,0,0,0,0.2,0.2,0.2,0.0060607
0.98,-0.3,0.17,0,0,0,0.2,0.2,0.2,0.00606071
0.98,-0.3,0.17,0,0,0,0.2,0.2,0.2,0.006060718
0.98,-0.3,0.17,0,0,0,0.2,0.2,0.2,0.006060685
0.98,-0.3,0.17,0,0,0,0.2,0.2,0.2,0.006067625
0.98,-0.3,0.17,0,0,0,0.2,0.2,0.2,0.006060749
0.98,-0.3,0.17,0,0,0,0.2,0.2,0.2,0.006067416
0.98,-0.3,0.17,0,0,0,0.2,0.2,0.2,0.006060721
0.98,-0.3,0.17,0,0,0,0.2,0.2,0.2,0.00606083
0.98,-0.3,0.17,0,0,0,0.2,0.2,0.2,0.006060533
0.98,-0.3,0.17,0,0,0,0.2,0.2,0.2,0.006060743
0.98,-0.3,0.17,0,0,0,0.2,0.2,0.2,0.006060689
0.98,-0.3,0.17,0,0,0,0.2,0.2,0.2,0.006060743
0.98,-0.3,0.17,0,0,0,0.2,0.2,0.2,0.006060742
0.98,-0.3,0.17,0,0,0,0.2,0.2,0.2,0.006060682
0.98,-0.3,0.17,0,0,0,0.2,0.2,0.2,0.006060664
0.98,-0.3,0.17,0,0,0,0.2,0.2,0.2,0.006060747
0.98,-0.3,0.17,0,0,0,0.2,0.2,0.2,0.006060719
0.98,-0.3,0.17,0,0,0,0.2,0.2,0.2,0.006060711
0.98,-0.3,0.17,0,0,0,0.2,0.2,0.2,0.00606073
0.98,-0.3,0.17,0,0,0,0.2,0.2,0.2,0.006069525
0.98,-0.3,0.17,0,0,0,0.2,0.2,0.2,0.00606067
0.98,-0.3,0.17,0,0,0,0.2,0.2,0.2,0.006060751
0.98,-0.3,0.17,0,0,0,0.2,0.2,0.2,0.006060713
0.98,-0.3,0.17,0,0,0,0.2,0.2,0.2,0.006060711
0.98,-0.3,0.17,0,0,0,0.2,0.2,0.2,0.006060728
0.98,-0.3,0.17,0,0,0,0.2,0.2,0.2,0.006060696
0.98,-0.3,0.17,0,0,0,0.2,0.2,0.2,0.006060747
0.98,-0.3,0.17,0,0,0,0.2,0.2,0.2,0.006060693
0.98,-0.3,0.17,0,0,0,0.2,0.2,0.2,0.006060748
0.98,-0.3,0.17,0,0,0,0.2,0.2,0.2,0.006060689
0.98,-0.3,0.17,0,0,0,0.2,0.2,0.2,0.006060701
0.98,-0.3,0.17,0,0,0,0.2,0.2,0.2,0.006060558
0.98,-0.3,0.17,0,0,0,0.2,0.2,0.2,0.006067111
0.98,-0.3,0.17,0,0,0,0.2,0.2,0.2,0.006070086
0.98,-0.3,0.17,0,0,0,0.2,0.2,0.2,0.006066507
0.98,-0.3,0.17,0,0,0,0.2,0.2,0.2,0.006060738
0.98,-0.3,0.17,0,0,0,0.2,0.2,0.2,0.00606775
0.98,-0.3,0.17,0,0,0,0.2,0.2,0.2,0.006067825
0.98,-0.3,0.17,0,0,0,0.2,0.2,0.2,0.006060733
0.98,-0.3,0.17,0,0,0,0.2,0.2,0.2,0.006060713
0.98,-0.3,0.17,0,0,0,0.2,0.2,0.2,0.006060847
0.98,-0.3,0.17,0,0,0,0.2,0.2,0.2,0.006060689
0.98,-0.3,0.17,0,0,0,0.2,0.2,0.2,0.006066759
0.98,-0.3,0.17,0,0,0,0.2,0.2,0.2,0.006060671
0.98,-0.3,0.17,0,0,0,0.2,0.2,0.2,0.006060728
0.98,-0.3,0.17,0,0,0,0.2,0.2,0.2,0.006060647
0.98,-0.3,0.17,0,0,0,0.2,0.2,0.2,0.006060721
0.98,-0.3,0.17,0,0,0,0.2,0.2,0.2,0.006060687
0.98,-0.3,0.17,0,0,0,0.2,0.2,0.2,0.006060721
0.98,-0.3,0.17,0,0,0,0.2,0.2,0.2,0.006060692
0.98,-0.3,0.17,0,0,0,0.2,0.2,0.2,0.006068003
0.98,-0.3,0.17,0,0,0,0.2,0.2,0.2,0.006063022
0.98,-0.3,0.17,0,0,0,0.2,0.2,0.2,0.00605889
0.98,-0.3,0.17,0,0,0,0.2,0.2,0.2,0.006067261
0.98,-0.3,0.17,0,0,0,0.2,0.2,0.2,0.006060726
0.98,-0.3,0.17,0,0,0,0.2,0.2,0.2,0.006067976
0.98,-0.3,0.17,0,0,0,0.2,0.2,0.2,0.006060652
0.98,-0.3,0.17,0,0,0,0.2,0.2,0.2,0.006066529
0.98,-0.3,0.17,0,0,0,0.2,0.2,0.2,0.006060738
0.98,-0.3,0.17,0,0,0,0.2,0.2,0.2,0.006060732
0.98,-0.3,0.17,0,0,0,0.2,0.2,0.2,0.006060713
0.98,-0.3,0.17,0,0,0,0.2,0.2,0.2,0.006060724
0.98,-0.3,0.17,0,0,0,0.2,0.2,0.2,0.006060676
0.98,-0.3,0.17,0,0,0,0.2,0.2,0.2,0.006067237
0.98,-0.3,0.17,0,0,0,0.2,0.2,0.2,0.006060676
0.98,-0.3,0.17,0,0,0,0.2,0.2,0.2,0.006071262
0.98,-0.3,0.17,0,0,0,0.2,0.2,0.2,0.006060732
0.98,-0.3,0.17,0,0,0,0.2,0.2,0.2,0.006067288
0.98,-0.3,0.17,0,0,0,0.2,0.2,0.2,0.006060715
0.98,-0.3,0.17,0,0,0,0.2,0.2,0.2,0.006060734
0.98,-0.3,0.17,0,0,0,0.2,0.2,0.2,0.006060682
0.98,-0.3,0.17,0,0,0,0.2,0.2,0.2,0.006060722
0.98,-0.3,0.17,0,0,0,0.2,0.2,0.2,0.006060742
0.98,-0.3,0.17,0,0,0,0.2,0.2,0.2,0.006060778
0.98,-0.3,0.17,0,0,0,0.2,0.2,0.2,0.006060732
0.98,-0.3,0.17,0,0,0,0.2,0.2,0.2,0.006060651
0.98,-0.3,0.17,0,0,0,0.2,0.2,0.2,0.006060694
0.98,-0.3,0.17,0,0,0,0.2,0.2,0.2,0.006060733
0.98,-0.3,0.17,0,0,0,0.2,0.2,0.2,0.006060698
0.98,-0.3,0.17,0,0,0,0.2,0.2,0.2,0.00606069
0.98,-0.3,0.17,0,0,0,0.2,0.2,0.2,0.006060725
0.98,-0.3,0.17,0,0,0,0.2,0.2,0.2,0.006060693
0.98,-0.3,0.17,0,0,0,0.2,0.2,0.2,0.006060726
0.98,-0.3,0.17,0,0,0,0.2,0.2,0.2,0.006060692
0.98,-0.3,0.17,0,0,0,0.2,0.2,0.2,0.006060691
0.98,-0.3,0.17,0,0,0,0.2,0.2,0.2,0.006060696
0.98,-0.3,0.17,0,0,0,0.2,0.2,0.2,0.006069262
0.98,-0.3,0.17,0,0,0,0.2,0.2,0.2,0.006060715
0.98,-0.3,0.17,0,0,0,0.2,0.2,0.2,0.006067737
0.98,-0.3,0.17,0,0,0,0.2,0.2,0.2,0.006060725
0.98,-0.3,0.17,0,0,0,0.2,0.2,0.2,0.006060732
0.98,-0.3,0.17,0,0,0,0.2,0.2,0.2,0.006060688
0.98,-0.3,0.17,0,0,0,0.2,0.2,0.2,0.006060692
0.98,-0.3,0.17,0,0,0,0.2,0.2,0.2,0.006066804
0.98,-0.3,0.17,0,0,0,0.2,0.2,0.2,0.006060761
0.98,-0.3,0.17,0,0,0,0.2,0.2,0.2,0.006066817
0.98,-0.3,0.17,0,0,0,0.2,0.2,0.2,0.006060631
0.98,-0.3,0.17,0,0,0,0.2,0.2,0.2,0.00606074
0.98,-0.3,0.17,0,0,0,0.2,0.2,0.2,0.006066882
0.98,-0.3,0.17,0,0,0,0.2,0.2,0.2,0.006060686
0.98,-0.3,0.17,0,0,0,0.2,0.2,0.2,0.006060708
0.98,-0.3,0.17,0,0,0,0.2,0.2,0.2,0.006060655
0.98,-0.3,0.17,0,0,0,0.2,0.2,0.2,0.006066313
0.98,-0.3,0.17,0,0,0,0.2,0.2,0.2,0.006067544
0.98,-0.3,0.17,0,0,0,0.2,0.2,0.2,0.00606074
0.98,-0.3,0.17,0,0,0,0.2,0.2,0.2,0.0060607
0.98,-0.3,0.17,0,0,0,0.2,0.2,0.2,0.006060717
0.98,-0.3,0.17,0,0,0,0.2,0.2,0.2,0.006060846
0.98,-0.3,0.17,0,0,0,0.2,0.2,0.2,0.006060614
0.98,-0.3,0.17,0,0,0,0.2,0.2,0.2,0.006060663
0.98,-0.3,0.17,0,0,0,0.2,0.2,0.2,0.006060751
0.98,-0.3,0.17,0,0,0,0.2,0.2,0.2,0.006060678
0.98,-0.3,0.17,0,0,0,0.2,0.2,0.2,0.006060704
0.98,-0.3,0.17,0,0,0,0.2,0.2,0.2,0.006060717
0.98,-0.3,0.17,0,0,0,0.2,0.2,0.2,0.00606068
0.98,-0.3,0.17,0,0,0,0.2,0.2,0.2,0.006060699
0.98,-0.3,0.17,0,0,0,0.2,0.2,0.2,0.006067155
0.98,-0.3,0.17,0,0,0,0.2,0.2,0.2,0.006070178
0.98,-0.3,0.17,0,0,0,0.2,0.2,0.2,0.006067398
0.98,-0.3,0.17,0,0,0,0.2,0.2,0.2,0.006060662
0.98,-0.3,0.17,0,0,0,0.2,0.2,0.2,0.006060706
0.98,-0.3,0.17,0,0,0,0.2,0.2,0.2,0.006060695
0.98,-0.3,0.17,0,0,0,0.2,0.2,0.2,0.006060692
0.98,-0.3,0.17,0,0,0,0.2,0.2,0.2,0.006060724
0.98,-0.3,0.17,0,0,0,0.2,0.2,0.2,0.006060661
0.98,-0.3,0.17,0,0,0,0.2,0.2,0.2,0.00606075
0.98,-0.3,0.17,0,0,0,0.2,0.2,0.2,0.006060715
0.98,-0.3,0.17,0,0,0,0.2,0.2,0.2,0.006060827
0.98,-0.3,0.17,0,0,0,0.2,0.2,0.2,0.006060592
0.98,-0.3,0.17,0,0,0,0.2,0.2,0.2,0.006067002
0.98,-0.3,0.17,0,0,0,0.2,0.2,0.2,0.006060691
0.98,-0.3,0.17,0,0,0,0.2,0.2,0.2,0.006060723
0.98,-0.3,0.17,0,0,0,0.2,0.2,0.2,0.006060741
0.98,-0.3,0.17,0,0,0,0.2,0.2,0.2,0.006067114
0.98,-0.3,0.17,0,0,0,0.2,0.2,0.2,0.006060714
0.98,-0.3,0.17,0,0,0,0.2,0.2,0.2,0.006060692
0.98,-0.3,0.17,0,0,0,0.2,0.2,0.2,0.006060683
0.98,-0.3,0.17,0,0,0,0.2,0.2,0.2,0.006060753
0.98,-0.3,0.17,0,0,0,0.2,0.2,0.2,0.006060683
0.98,-0.3,0.17,0,0,0,0.2,0.2,0.2,0.006060722
0.98,-0.3,0.17,0,0,0,0.2,0.2,0.2,0.006060802
0.98,-0.3,0.17,0,0,0,0.2,0.2,0.2,0.006060911
0.98,-0.3,0.17,0,0,0,0.2,0.2,0.2,0.006060385
0.98,-0.3,0.17,0,0,0,0.2,0.2,0.2,0.006060712
0.98,-0.3,0.17,0,0,0,0.2,0.2,0.2,0.006060688
0.98,-0.3,0.17,0,0,0,0.2,0.2,0.2,0.006073501
0.98,-0.3,0.17,0,0,0,0.2,0.2,0.2,0.006060723
0.98,-0.3,0.17,0,0,0,0.2,0.2,0.2,0.006060722
0.98,-0.3,0.17,0,0,0,0.2,0.2,0.2,0.006060717
0.98,-0.3,0.17,0,0,0,0.2,0.2,0.2,0.006060715
0.98,-0.3,0.17,0,0,0,0.2,0.2,0.2,0.006067426
0.98,-0.3,0.17,0,0,0,0.2,0.2,0.2,0.006060706
0.98,-0.3,0.17,0,0,0,0.2,0.2,0.2,0.006060716
0.98,-0.3,0.17,0,0,0,0.2,0.2,0.2,0.006060702
0.98,-0.3,0.17,0,0,0,0.2,0.2,0.2,0.006060707
0.98,-0.3,0.17,0,0,0,0.2,0.2,0.2,0.006060683
0.98,-0.3,0.17,0,0,0,0.2,0.2,0.2,0.006067831
0.98,-0.3,0.17,0,0,0,0.2,0.2,0.2,0.006071536
0.98,-0.3,0.17,0,0,0,0.2,0.2,0.2,0.006060711
0.98,-0.3,0.17,0,0,0,0.2,0.2,0.2,0.006063109
0.98,-0.3,0.17,0,0,0,0.2,0.2,0.2,0.006064203
0.98,-0.3,0.17,0,0,0,0.2,0.2,0.2,0.006060673
0.98,-0.3,0.17,0,0,0,0.2,0.2,0.2,0.006060697
0.98,-0.3,0.17,0,0,0,0.2,0.2,0.2,0.006060717
0.98,-0.3,0.17,0,0,0,0.2,0.2,0.2,0.006060709
0.98,-0.3,0.17,0,0,0,0.2,0.2,0.2,0.006066751
0.98,-0.3,0.17,0,0,0,0.2,0.2,0.2,0.006060707
0.98,-0.3,0.17,0,0,0,0.2,0.2,0.2,0.006060712
0.98,-0.3,0.17,0,0,0,0.2,0.2,0.2,0.006060725
0.98,-0.3,0.17,0,0,0,0.2,0.2,0.2,0.006060694
0.98,-0.3,0.17,0,0,0,0.2,0.2,0.2,0.006060693
0.98,-0.3,0.17,0,0,0,0.2,0.2,0.2,0.006060712
0.98,-0.3,0.17,0,0,0,0.2,0.2,0.2,0.00606068
0.98,-0.3,0.17,0,0,0,0.2,0.2,0.2,0.006060755
0.98,-0.3,0.17,0,0,0,0.2,0.2,0.2,0.006061109
0.98,-0.3,0.17,0,0,0,0.2,0.2,0.2,0.006060324
0.98,-0.3,0.17,0,0,0,0.2,0.2,0.2,0.006060784
0.98,-0.3,0.17,0,0,0,0.2,0.2,0.2,0.006060658
0.98,-0.3,0.17,0,0,0,0.2,0.2,0.2,0.006068716
0.98,-0.3,0.17,0,0,0,0.2,0.2,0.2,0.00606071
0.98,-0.3,0.17,0,0,0,0.2,0.2,0.2,0.006060724
0.98,-0.3,0.17,0,0,0,0.2,0.2,0.2,0.006060684
0.98,-0.3,0.17,0,0,0,0.2,0.2,0.2,0.006060742
0.98,-0.3,0.17,0,0,0,0.2,0.2,0.2,0.006060698
0.98,-0.3,0.17,0,0,0,0.2,0.2,0.2,0.006060709
0.98,-0.3,0.17,0,0,0,0.2,0.2,0.2,0.006069048
0.98,-0.3,0.17,0,0,0,0.2,0.2,0.2,0.006060679
0.98,-0.3,0.17,0,0,0,0.2,0.2,0.2,0.006060744
0.98,-0.3,0.17,0,0,0,0.2,0.2,0.2,0.006060653
0.98,-0.3,0.17,0,0,0,0.2,0.2,0.2,0.006060705
0.98,-0.3,0.17,0,0,0,0.2,0.2,0.2,0.006060716
0.98,-0.3,0.17,0,0,0,0.2,0.2,0.2,0.006060718
0.98,-0.3,0.17,0,0,0,0.2,0.2,0.2,0.006060718
0.98,-0.3,0.17,0,0,0,0.2,0.2,0.2,0.006060692
0.98,-0.3,0.17,0,0,0,0.2,0.2,0.2,0.006060745
0.98,-0.3,0.17,0,0,0,0.2,0.2,0.2,0.006060717
0.98,-0.3,0.17,0,0,0,0.2,0.2,0.2,0.006060707
0.98,-0.3,0.17,0,0,0,0.2,0.2,0.2,0.006060692
0.98,-0.3,0.17,0,0,0,0.2,0.2,0.2,0.006060735
0.98,-0.3,0.17,0,0,0,0.2,0.2,0.2,0.00606069
0.98,-0.3,0.17,0,0,0,0.2,0.2,0.2,0.006060728
0.98,-0.3,0.17,0,0,0,0.2,0.2,0.2,0.006060724
0.98,-0.3,0.17,0,0,0,0.2,0.2,0.2,0.006060716
0.98,-0.3,0.17,0,0,0,0.2,0.2,0.2,0.006060718
0.98,-0.3,0.17,0,0,0,0.2,0.2,0.2,0.006060715
0.98,-0.3,0.17,0,0,0,0.2,0.2,0.2,0.006060691
0.98,-0.3,0.17,0,0,0,0.2,0.2,0.2,0.006060706
0.98,-0.3,0.17,0,0,0,0.2,0.2,0.2,0.006061037
0.98,-0.3,0.17,0,0,0,0.2,0.2,0.2,0.006060446
0.98,-0.3,0.17,0,0,0,0.2,0.2,0.2,0.006060711
0.98,-0.3,0.17,0,0,0,0.2,0.2,0.2,0.006060664
0.98,-0.3,0.17,0,0,0,0.2,0.2,0.2,0.006060758
0.98,-0.3,0.17,0,0,0,0.2,0.2,0.2,0.006060627
0.98,-0.3,0.17,0,0,0,0.2,0.2,0.2,0.006060718
0.98,-0.3,0.17,0,0,0,0.2,0.2,0.2,0.006060783
0.98,-0.3,0.17,0,0,0,0.2,0.2,0.2,0.006060721
0.98,-0.3,0.17,0,0,0,0.2,0.2,0.2,0.006060826
0.98,-0.3,0.17,0,0,0,0.2,0.2,0.2,0.006060808
0.98,-0.3,0.17,0,0,0,0.2,0.2,0.2,0.006060778
0.98,-0.3,0.17,0,0,0,0.2,0.2,0.2,0.006061006
0.98,-0.3,0.17,0,0,0,0.2,0.2,0.2,0.006060869
0.98,-0.3,0.17,0,0,0,0.2,0.2,0.2,0.006060876
0.98,-0.3,0.17,0,0,0,0.2,0.2,0.2,0.006061075
0.98,-0.3,0.17,0,0,0,0.2,0.2,0.2,0.006060022
0.98,-0.3,0.17,0,0,0,0.2,0.2,0.2,0.006060844
0.98,-0.3,0.17,0,0,0,0.2,0.2,0.2,0.006060597
0.98,-0.3,0.17,0,0,0,0.2,0.2,0.2,0.006060688
0.98,-0.3,0.17,0,0,0,0.2,0.2,0.2,0.006068382
0.98,-0.3,0.17,0,0,0,0.2,0.2,0.2,0.006067123
0.98,-0.3,0.17,0,0,0,0.2,0.2,0.2,0.006060753
0.98,-0.3,0.17,0,0,0,0.2,0.2,0.2,0.006060666
0.98,-0.3,0.17,0,0,0,0.2,0.2,0.2,0.006060831
0.98,-0.3,0.17,0,0,0,0.2,0.2,0.2,0.006060771
0.98,-0.3,0.17,0,0,0,0.2,0.2,0.2,0.006060582
0.98,-0.3,0.17,0,0,0,0.2,0.2,0.2,0.006060703
0.98,-0.3,0.17,0,0,0,0.2,0.2,0.2,0.006060672
0.98,-0.3,0.17,0,0,0,0.2,0.2,0.2,0.006060729
0.98,-0.3,0.17,0,0,0,0.2,0.2,0.2,0.006060769
0.98,-0.3,0.17,0,0,0,0.2,0.2,0.2,0.006060679
0.98,-0.3,0.17,0,0,0,0.2,0.2,0.2,0.006060819
0.98,-0.3,0.17,0,0,0,0.2,0.2,0.2,0.006060913
0.98,-0.3,0.17,0,0,0,0.2,0.2,0.2,0.006060628
0.98,-0.3,0.17,0,0,0,0.2,0.2,0.2,0.006060652
0.98,-0.3,0.17,0,0,0,0.2,0.2,0.2,0.006060661
0.98,-0.3,0.17,0,0,0,0.2,0.2,0.2,0.006060763
0.98,-0.3,0.17,0,0,0,0.2,0.2,0.2,0.006060649
0.98,-0.3,0.17,0,0,0,0.2,0.2,0.2,0.006060733
0.98,-0.3,0.17,0,0,0,0.2,0.2,0.2,0.006067754
0.98,-0.3,0.17,0,0,0,0.2,0.2,0.2,0.006069341
0.98,-0.3,0.17,0,0,0,0.2,0.2,0.2,0.006066206
0.98,-0.3,0.17,0,0,0,0.2,0.2,0.2,0.006060675
0.98,-0.3,0.17,0,0,0,0.2,0.2,0.2,0.006060706
0.98,-0.3,0.17,0,0,0,0.2,0.2,0.2,0.006060708
0.98,-0.3,0.17,0,0,0,0.2,0.2,0.2,0.006060743
0.98,-0.3,0.17,0,0,0,0.2,0.2,0.2,0.006060663
0.98,-0.3,0.17,0,0,0,0.2,0.2,0.2,0.006060701
0.98,-0.3,0.17,0,0,0,0.2,0.2,0.2,0.006060739
0.98,-0.3,0.17,0,0,0,0.2,0.2,0.2,0.006060766
0.98,-0.3,0.17,0,0,0,0.2,0.2,0.2,0.00606064
0.98,-0.3,0.17,0,0,0,0.2,0.2,0.2,0.006060769
0.98,-0.3,0.17,0,0,0,0.2,0.2,0.2,0.006060655
0.98,-0.3,0.17,0,0,0,0.2,0.2,0.2,0.006060716
0.98,-0.3,0.17,0,0,0,0.2,0.2,0.2,0.006060703
0.98,-0.3,0.17,0,0,0,0.2,0.2,0.2,0.006068077
0.98,-0.3,0.17,0,0,0,0.2,0.2,0.2,0.006060774
0.98,-0.3,0.17,0,0,0,0.2,0.2,0.2,0.006060676
0.98,-0.3,0.17,0,0,0,0.2,0.2,0.2,0.006060723
0.98,-0.3,0.17,0,0,0,0.2,0.2,0.2,0.006060721
0.98,-0.3,0.17,0,0,0,0.2,0.2,0.2,0.006060684
0.98,-0.3,0.17,0,0,0,0.2,0.2,0.2,0.006060715
0.98,-0.3,0.17,0,0,0,0.2,0.2,0.2,0.006060722
0.98,-0.3,0.17,0,0,0,0.2,0.2,0.2,0.006060732
0.98,-0.3,0.17,0,0,0,0.2,0.2,0.2,0.006060728
0.98,-0.3,0.17,0,0,0,0.2,0.2,0.2,0.006060712
0.98,-0.3,0.17,0,0,0,0.2,0.2,0.2,0.006061023
0.98,-0.3,0.17,0,0,0,0.2,0.2,0.2,0.006060364
0.98,-0.3,0.17,0,0,0,0.2,0.2,0.2,0.00606069
0.98,-0.3,0.17,0,0,0,0.2,0.2,0.2,0.006060707
0.98,-0.3,0.17,0,0,0,0.2,0.2,0.2,0.006067294
0.98,-0.3,0.17,0,0,0,0.2,0.2,0.2,0.006060691
0.98,-0.3,0.17,0,0,0,0.2,0.2,0.2,0.006060737
0.98,-0.3,0.17,0,0,0,0.2,0.2,0.2,0.006060681
0.98,-0.3,0.17,0,0,0,0.2,0.2,0.2,0.006060753
0.98,-0.3,0.17,0,0,0,0.2,0.2,0.2,0.006060612
0.98,-0.3,0.17,0,0,0,0.2,0.2,0.2,0.006060793
0.98,-0.3,0.17,0,0,0,0.2,0.2,0.2,0.006060682
0.98,-0.3,0.17,0,0,0,0.2,0.2,0.2,0.006060696
0.98,-0.3,0.17,0,0,0,0.2,0.2,0.2,0.006060636
0.98,-0.3,0.17,0,0,0,0.2,0.2,0.2,0.006060755
0.98,-0.3,0.17,0,0,0,0.2,0.2,0.2,0.006060672
0.98,-0.3,0.17,0,0,0,0.2,0.2,0.2,0.006060831
0.98,-0.3,0.17,0,0,0,0.2,0.2,0.2,0.006060716
0.98,-0.3,0.17,0,0,0,0.2,0.2,0.2,0.006060679
0.98,-0.3,0.17,0,0,0,0.2,0.2,0.2,0.006060627
0.98,-0.3,0.17,0,0,0,0.2,0.2,0.2,0.00606079
0.98,-0.3,0.17,0,0,0,0.2,0.2,0.2,0.006060679
0.98,-0.3,0.17,0,0,0,0.2,0.2,0.2,0.006060738
0.98,-0.3,0.17,0,0,0,0.2,0.2,0.2,0.006060695
0.98,-0.3,0.17,0,0,0,0.2,0.2,0.2,0.006060638
0.98,-0.3,0.17,0,0,0,0.2,0.2,0.2,0.006060737
0.98,-0.3,0.17,0,0,0,0.2,0.2,0.2,0.006060726
0.98,-0.3,0.17,0,0,0,0.2,0.2,0.2,0.006060724
0.98,-0.3,0.17,0,0,0,0.2,0.2,0.2,0.006060748
0.98,-0.3,0.17,0,0,0,0.2,0.2,0.2,0.006060621
0.98,-0.3,0.17,0,0,0,0.2,0.2,0.2,0.006060772
0.98,-0.3,0.17,0,0,0,0.2,0.2,0.2,0.006060695
0.98,-0.3,0.17,0,0,0,0.2,0.2,0.2,0.006060712
0.98,-0.3,0.17,0,0,0,0.2,0.2,0.2,0.006060878
0.98,-0.3,0.17,0,0,0,0.2,0.2,0.2,0.006060638
0.98,-0.3,0.17,0,0,0,0.2,0.2,0.2,0.006060692
0.98,-0.3,0.17,0,0,0,0.2,0.2,0.2,0.006060657
0.98,-0.3,0.17,0,0,0,0.2,0.2,0.2,0.006060691
0.98,-0.3,0.17,0,0,0,0.2,0.2,0.2,0.006060723
0.98,-0.3,0.17,0,0,0,0.2,0.2,0.2,0.006060671
0.98,-0.3,0.17,0,0,0,0.2,0.2,0.2,0.006060744
0.98,-0.3,0.17,0,0,0,0.2,0.2,0.2,0.006060694
0.98,-0.3,0.17,0,0,0,0.2,0.2,0.2,0.00606064
0.98,-0.3,0.17,0,0,0,0.2,0.2,0.2,0.006060727
0.98,-0.3,0.17,0,0,0,0.2,0.2,0.2,0.006060713
0.98,-0.3,0.17,0,0,0,0.2,0.2,0.2,0.006060928
0.98,-0.3,0.17,0,0,0,0.2,0.2,0.2,0.006060734
0.98,-0.3,0.17,0,0,0,0.2,0.2,0.2,0.006060769
0.98,-0.3,0.17,0,0,0,0.2,0.2,0.2,0.006060877
0.98,-0.3,0.17,0,0,0,0.2,0.2,0.2,0.006060845
0.98,-0.3,0.17,0,0,0,0.2,0.2,0.2,0.006060844
0.98,-0.3,0.17,0,0,0,0.2,0.2,0.2,0.006061012
0.98,-0.3,0.17,0,0,0,0.2,0.2,0.2,0.006060933
0.98,-0.3,0.17,0,0,0,0.2,0.2,0.2,0.006060905
0.98,-0.3,0.17,0,0,0,0.2,0.2,0.2,0.00606004
0.98,-0.3,0.17,0,0,0,0.2,0.2,0.2,0.006060736
0.98,-0.3,0.17,0,0,0,0.2,0.2,0.2,0.006060658
0.98,-0.3,0.17,0,0,0,0.2,0.2,0.2,0.006060756
0.98,-0.3,0.17,0,0,0,0.2,0.2,0.2,0.006060784
0.98,-0.3,0.17,0,0,0,0.2,0.2,0.2,0.006060786
0.98,-0.3,0.17,0,0,0,0.2,0.2,0.2,0.006060824
0.98,-0.3,0.17,0,0,0,0.2,0.2,0.2,0.006060893
0.98,-0.3,0.17,0,0,0,0.2,0.2,0.2,0.006060772
0.98,-0.3,0.17,0,0,0,0.2,0.2,0.2,0.006060989
0.98,-0.3,0.17,0,0,0,0.2,0.2,0.2,0.00606098
0.98,-0.3,0.17,0,0,0,0.2,0.2,0.2,0.006060923
0.98,-0.3,0.17,0,0,0,0.2,0.2,0.2,0.006060878
0.98,-0.3,0.17,0,0,0,0.2,0.2,0.2,0.006060711
0.98,-0.3,0.17,0,0,0,0.2,0.2,0.2,0.006061376
0.98,-0.3,0.17,0,0,0,0.2,0.2,0.2,0.006059736
0.98,-0.3,0.17,0,0,0,0.2,0.2,0.2,0.006060722
0.98,-0.3,0.17,0,0,0,0.2,0.2,0.2,0.006060757
0.98,-0.3,0.17,0,0,0,0.2,0.2,0.2,0.006060724
0.98,-0.3,0.17,0,0,0,0.2,0.2,0.2,0.00606082
0.98,-0.3,0.17,0,0,0,0.2,0.2,0.2,0.006060784
0.98,-0.3,0.17,0,0,0,0.2,0.2,0.2,0.006060854
0.98,-0.3,0.17,0,0,0,0.2,0.2,0.2,0.006060819
0.98,-0.3,0.17,0,0,0,0.2,0.2,0.2,0.006061104
0.98,-0.3,0.17,0,0,0,0.2,0.2,0.2,0.006061138
0.98,-0.3,0.17,0,0,0,0.2,0.2,0.2,0.00606069
0.98,-0.3,0.17,0,0,0,0.2,0.2,0.2,0.006060816
0.98,-0.3,0.17,0,0,0,0.2,0.2,0.2,0.006060894
0.98,-0.3,0.17,0,0,0,0.2,0.2,0.2,0.006060092
0.98,-0.3,0.17,0,0,0,0.2,0.2,0.2,0.006060737
0.98,-0.3,0.17,0,0,0,0.2,0.2,0.2,0.00606071
0.98,-0.3,0.17,0,0,0,0.2,0.2,0.2,0.006060718
0.98,-0.3,0.17,0,0,0,0.2,0.2,0.2,0.006060664
0.98,-0.3,0.17,0,0,0,0.2,0.2,0.2,0.006060803
0.98,-0.3,0.17,0,0,0,0.2,0.2,0.2,0.006060831
0.98,-0.3,0.17,0,0,0,0.2,0.2,0.2,0.006060781
0.98,-0.3,0.17,0,0,0,0.2,0.2,0.2,0.00606077
0.98,-0.3,0.17,0,0,0,0.2,0.2,0.2,0.006060518
0.98,-0.3,0.17,0,0,0,0.2,0.2,0.2,0.006075872
0.98,-0.3,0.17,0,0,0,0.2,0.2,0.2,0.006060837
0.98,-0.3,0.17,0,0,0,0.2,0.2,0.2,0.006060125
0.98,-0.3,0.17,0,0,0,0.2,0.2,0.2,0.006060735
0.98,-0.3,0.17,0,0,0,0.2,0.2,0.2,0.006060719
0.98,-0.3,0.17,0,0,0,0.2,0.2,0.2,0.006060671
0.98,-0.3,0.17,0,0,0,0.2,0.2,0.2,0.006060723
0.98,-0.3,0.17,0,0,0,0.2,0.2,0.2,0.006060683
0.98,-0.3,0.17,0,0,0,0.2,0.2,0.2,0.006061268
0.98,-0.3,0.17,0,0,0,0.2,0.2,0.2,0.006060223
0.98,-0.3,0.17,0,0,0,0.2,0.2,0.2,0.00606067
0.98,-0.3,0.17,0,0,0,0.2,0.2,0.2,0.006063171
0.98,-0.3,0.17,0,0,0,0.2,0.2,0.2,0.006058885
0.98,-0.3,0.17,0,0,0,0.2,0.2,0.2,0.006060674
0.98,-0.3,0.17,0,0,0,0.2,0.2,0.2,0.006060836
0.98,-0.3,0.17,0,0,0,0.2,0.2,0.2,0.006060821
0.98,-0.3,0.17,0,0,0,0.2,0.2,0.2,0.006060805
0.98,-0.3,0.17,0,0,0,0.2,0.2,0.2,0.006060802
0.98,-0.3,0.17,0,0,0,0.2,0.2,0.2,0.00606086
0.98,-0.3,0.17,0,0,0,0.2,0.2,0.2,0.006061045
0.98,-0.3,0.17,0,0,0,0.2,0.2,0.2,0.006061102
0.98,-0.3,0.17,0,0,0,0.2,0.2,0.2,0.006060855
0.98,-0.3,0.17,0,0,0,0.2,0.2,0.2,0.00606096
0.98,-0.3,0.17,0,0,0,0.2,0.2,0.2,0.006060912
0.98,-0.3,0.17,0,0,0,0.2,0.2,0.2,0.006066458
0.98,-0.3,0.17,0,0,0,0.2,0.2,0.2,0.006066911
0.98,-0.3,0.17,0,0,0,0.2,0.2,0.2,0.006060729
0.98,-0.3,0.17,0,0,0,0.2,0.2,0.2,0.006060732
0.98,-0.3,0.17,0,0,0,0.2,0.2,0.2,0.006060766
0.98,-0.3,0.17,0,0,0,0.2,0.2,0.2,0.00606082
0.98,-0.3,0.17,0,0,0,0.2,0.2,0.2,0.006060738
0.98,-0.3,0.17,0,0,0,0.2,0.2,0.2,0.006060838
0.98,-0.3,0.17,0,0,0,0.2,0.2,0.2,0.006060791
0.98,-0.3,0.17,0,0,0,0.2,0.2,0.2,0.006060539
0.98,-0.3,0.17,0,0,0,0.2,0.2,0.2,0.006060742
0.98,-0.3,0.17,0,0,0,0.2,0.2,0.2,0.006060721
0.98,-0.3,0.17,0,0,0,0.2,0.2,0.2,0.006060841
0.98,-0.3,0.17,0,0,0,0.2,0.2,0.2,0.006060838
0.98,-0.3,0.17,0,0,0,0.2,0.2,0.2,0.006060736
0.98,-0.3,0.17,0,0,0,0.2,0.2,0.2,0.006060955
0.98,-0.3,0.17,0,0,0,0.2,0.2,0.2,0.006060852
0.98,-0.3,0.17,0,0,0,0.2,0.2,0.2,0.006060923
0.98,-0.3,0.17,0,0,0,0.2,0.2,0.2,0.006060387
0.98,-0.3,0.17,0,0,0,0.2,0.2,0.2,0.006065982
0.98,-0.3,0.17,0,0,0,0.2,0.2,0.2,0.006060725
0.98,-0.3,0.17,0,0,0,0.2,0.2,0.2,0.006060766
0.98,-0.3,0.17,0,0,0,0.2,0.2,0.2,0.006065481
0.98,-0.3,0.17,0,0,0,0.2,0.2,0.2,0.006060712
0.98,-0.3,0.17,0,0,0,0.2,0.2,0.2,0.00606074
0.98,-0.3,0.17,0,0,0,0.2,0.2,0.2,0.00606622
0.98,-0.3,0.17,0,0,0,0.2,0.2,0.2,0.006060698
0.98,-0.3,0.17,0,0,0,0.2,0.2,0.2,0.006060723
0.98,-0.3,0.17,0,0,0,0.2,0.2,0.2,0.006060686
0.98,-0.3,0.17,0,0,0,0.2,0.2,0.2,0.006074459
0.98,-0.3,0.17,0,0,0,0.2,0.2,0.2,0.006060728
0.98,-0.3,0.17,0,0,0,0.2,0.2,0.2,0.006060717
0.98,-0.3,0.17,0,0,0,0.2,0.2,0.2,0.006060778
0.98,-0.3,0.17,0,0,0,0.2,0.2,0.2,0.00606069
0.98,-0.3,0.17,0,0,0,0.2,0.2,0.2,0.006060691
0.98,-0.3,0.17,0,0,0,0.2,0.2,0.2,0.00606069
0.98,-0.3,0.17,0,0,0,0.2,0.2,0.2,0.006060671
0.98,-0.3,0.17,0,0,0,0.2,0.2,0.2,0.006060681
0.98,-0.3,0.17,0,0,0,0.2,0.2,0.2,0.006060743
0.98,-0.3,0.17,0,0,0,0.2,0.2,0.2,0.006060674
0.98,-0.3,0.17,0,0,0,0.2,0.2,0.2,0.006060681
0.98,-0.3,0.17,0,0,0,0.2,0.2,0.2,0.006060791
0.98,-0.3,0.17,0,0,0,0.2,0.2,0.2,0.006060649
0.98,-0.3,0.17,0,0,0,0.2,0.2,0.2,0.006060717
0.98,-0.3,0.17,0,0,0,0.2,0.2,0.2,0.00606669
0.98,-0.3,0.17,0,0,0,0.2,0.2,0.2,0.00607247
0.98,-0.3,0.17,0,0,0,0.2,0.2,0.2,0.006065273
0.98,-0.3,0.17,0,0,0,0.2,0.2,0.2,0.006060706
0.98,-0.3,0.17,0,0,0,0.2,0.2,0.2,0.006060713
0.98,-0.3,0.17,0,0,0,0.2,0.2,0.2,0.00606873
0.98,-0.3,0.17,0,0,0,0.2,0.2,0.2,0.006060737
0.98,-0.3,0.17,0,0,0,0.2,0.2,0.2,0.006060884
0.98,-0.3,0.17,0,0,0,0.2,0.2,0.2,0.006060488
0.98,-0.3,0.17,0,0,0,0.2,0.2,0.2,0.006060738
0.98,-0.3,0.17,0,0,0,0.2,0.2,0.2,0.00606073
0.98,-0.3,0.17,0,0,0,0.2,0.2,0.2,0.00606065
0.98,-0.3,0.17,0,0,0,0.2,0.2,0.2,0.006060697
0.98,-0.3,0.17,0,0,0,0.2,0.2,0.2,0.006060727
0.98,-0.3,0.17,0,0,0,0.2,0.2,0.2,0.006060725
0.98,-0.3,0.17,0,0,0,0.2,0.2,0.2,0.006066532
0.98,-0.3,0.17,0,0,0,0.2,0.2,0.2,0.006060692
0.98,-0.3,0.17,0,0,0,0.2,0.2,0.2,0.006060683
0.98,-0.3,0.17,0,0,0,0.2,0.2,0.2,0.006060733
0.98,-0.3,0.17,0,0,0,0.2,0.2,0.2,0.006060711
0.98,-0.3,0.17,0,0,0,0.2,0.2,0.2,0.006060725
0.98,-0.3,0.17,0,0,0,0.2,0.2,0.2,0.006060726
0.98,-0.3,0.17,0,0,0,0.2,0.2,0.2,0.006060667
0.98,-0.3,0.17,0,0,0,0.2,0.2,0.2,0.006065896
0.98,-0.3,0.17,0,0,0,0.2,0.2,0.2,0.006060682
0.98,-0.3,0.17,0,0,0,0.2,0.2,0.2,0.006066184
0.98,-0.3,0.17,0,0,0,0.2,0.2,0.2,0.006060682
0.98,-0.3,0.17,0,0,0,0.2,0.2,0.2,0.006060758
0.98,-0.3,0.17,0,0,0,0.2,0.2,0.2,0.006060691
0.98,-0.3,0.17,0,0,0,0.2,0.2,0.2,0.00607376
0.98,-0.3,0.17,0,0,0,0.2,0.2,0.2,0.006060669
0.98,-0.3,0.17,0,0,0,0.2,0.2,0.2,0.006068644
0.98,-0.3,0.17,0,0,0,0.2,0.2,0.2,0.006060754
0.98,-0.3,0.17,0,0,0,0.2,0.2,0.2,0.006060681
0.98,-0.3,0.17,0,0,0,0.2,0.2,0.2,0.006060701
0.98,-0.3,0.17,0,0,0,0.2,0.2,0.2,0.006066197
0.98,-0.3,0.17,0,0,0,0.2,0.2,0.2,0.006060692
0.98,-0.3,0.17,0,0,0,0.2,0.2,0.2,0.006060735
0.98,-0.3,0.17,0,0,0,0.2,0.2,0.2,0.006060701
0.98,-0.3,0.17,0,0,0,0.2,0.2,0.2,0.006060756
0.98,-0.3,0.17,0,0,0,0.2,0.2,0.2,0.006060759
0.98,-0.3,0.17,0,0,0,0.2,0.2,0.2,0.006060935
0.98,-0.3,0.17,0,0,0,0.2,0.2,0.2,0.006060465
0.98,-0.3,0.17,0,0,0,0.2,0.2,0.2,0.006060693
0.98,-0.3,0.17,0,0,0,0.2,0.2,0.2,0.006060718
0.98,-0.3,0.17,0,0,0,0.2,0.2,0.2,0.00606072
0.98,-0.3,0.17,0,0,0,0.2,0.2,0.2,0.00606074
0.98,-0.3,0.17,0,0,0,0.2,0.2,0.2,0.006060734
0.98,-0.3,0.17,0,0,0,0.2,0.2,0.2,0.006060684
0.98,-0.3,0.17,0,0,0,0.2,0.2,0.2,0.006060771
0.98,-0.3,0.17,0,0,0,0.2,0.2,0.2,0.006060717
0.98,-0.3,0.17,0,0,0,0.2,0.2,0.2,0.006060672
0.98,-0.3,0.17,0,0,0,0.2,0.2,0.2,0.006066089
0.98,-0.3,0.17,0,0,0,0.2,0.2,0.2,0.006060739
0.98,-0.3,0.17,0,0,0,0.2,0.2,0.2,0.006060716
0.98,-0.3,0.17,0,0,0,0.2,0.2,0.2,0.006060721
0.98,-0.3,0.17,0,0,0,0.2,0.2,0.2,0.006060767
0.98,-0.3,0.17,0,0,0,0.2,0.2,0.2,0.006060656
0.98,-0.3,0.17,0,0,0,0.2,0.2,0.2,0.006071748
0.98,-0.3,0.17,0,0,0,0.2,0.2,0.2,0.006060708
0.98,-0.3,0.17,0,0,0,0.2,0.2,0.2,0.006060741
0.98,-0.3,0.17,0,0,0,0.2,0.2,0.2,0.006060697
0.98,-0.3,0.17,0,0,0,0.2,0.2,0.2,0.006065559
0.98,-0.3,0.17,0,0,0,0.2,0.2,0.2,0.006060663
0.98,-0.3,0.17,0,0,0,0.2,0.2,0.2,0.006060735
0.98,-0.3,0.17,0,0,0,0.2,0.2,0.2,0.006060706
0.98,-0.3,0.17,0,0,0,0.2,0.2,0.2,0.006060722
0.98,-0.3,0.17,0,0,0,0.2,0.2,0.2,0.006060757
0.98,-0.3,0.17,0,0,0,0.2,0.2,0.2,0.006065812
0.98,-0.3,0.17,0,0,0,0.2,0.2,0.2,0.006060704
0.98,-0.3,0.17,0,0,0,0.2,0.2,0.2,0.006060726
0.98,-0.3,0.17,0,0,0,0.2,0.2,0.2,0.006060692
0.98,-0.3,0.17,0,0,0,0.2,0.2,0.2,0.006060733
0.98,-0.3,0.17,0,0,0,0.2,0.2,0.2,0.006065844
0.98,-0.3,0.17,0,0,0,0.2,0.2,0.2,0.006061091
0.98,-0.3,0.17,0,0,0,0.2,0.2,0.2,0.006060313
0.98,-0.3,0.17,0,0,0,0.2,0.2,0.2,0.006060683
0.98,-0.3,0.17,0,0,0,0.2,0.2,0.2,0.006060698
0.98,-0.3,0.17,0,0,0,0.2,0.2,0.2,0.006060695
0.98,-0.3,0.17,0,0,0,0.2,0.2,0.2,0.006060693
0.98,-0.3,0.17,0,0,0,0.2,0.2,0.2,0.006060716
0.98,-0.3,0.17,0,0,0,0.2,0.2,0.2,0.006060689
0.98,-0.3,0.17,0,0,0,0.2,0.2,0.2,0.006060735
0.98,-0.3,0.17,0,0,0,0.2,0.2,0.2,0.006060706
0.98,-0.3,0.17,0,0,0,0.2,0.2,0.2,0.006060766
0.98,-0.3,0.17,0,0,0,0.2,0.2,0.2,0.006060676
0.98,-0.3,0.17,0,0,0,0.2,0.2,0.2,0.006060698
0.98,-0.3,0.17,0,0,0,0.2,0.2,0.2,0.006060704
0.98,-0.3,0.17,0,0,0,0.2,0.2,0.2,0.006060681
0.98,-0.3,0.17,0,0,0,0.2,0.2,0.2,0.006060708
0.98,-0.3,0.17,0,0,0,0.2,0.2,0.2,0.006060736
0.98,-0.3,0.17,0,0,0,0.2,0.2,0.2,0.006060706
0.98,-0.3,0.17,0,0,0,0.2,0.2,0.2,0.006060704
0.98,-0.3,0.17,0,0,0,0.2,0.2,0.2,0.006060744
0.98,-0.3,0.17,0,0,0,0.2,0.2,0.2,0.006060646
0.98,-0.3,0.17,0,0,0,0.2,0.2,0.2,0.006060714
0.98,-0.3,0.17,0,0,0,0.2,0.2,0.2,0.006060717
0.98,-0.3,0.17,0,0,0,0.2,0.2,0.2,0.00606073
0.98,-0.3,0.17,0,0,0,0.2,0.2,0.2,0.006060707
0.98,-0.3,0.17,0,0,0,0.2,0.2,0.2,0.006060729
0.98,-0.3,0.17,0,0,0,0.2,0.2,0.2,0.006060694
0.98,-0.3,0.17,0,0,0,0.2,0.2,0.2,0.006060769
0.98,-0.3,0.17,0,0,0,0.2,0.2,0.2,0.006060649
0.98,-0.3,0.17,0,0,0,0.2,0.2,0.2,0.006060754
0.98,-0.3,0.17,0,0,0,0.2,0.2,0.2,0.006069237
0.98,-0.3,0.17,0,0,0,0.2,0.2,0.2,0.006060706
0.98,-0.3,0.17,0,0,0,0.2,0.2,0.2,0.006060739
0.98,-0.3,0.17,0,0,0,0.2,0.2,0.2,0.006060658
0.98,-0.3,0.17,0,0,0,0.2,0.2,0.2,0.006060788
0.98,-0.3,0.17,0,0,0,0.2,0.2,0.2,0.006061025
0.98,-0.3,0.17,0,0,0,0.2,0.2,0.2,0.006062521
0.98,-0.3,0.17,0,0,0,0.2,0.2,0.2,0.006058867
0.98,-0.3,0.17,0,0,0,0.2,0.2,0.2,0.006060709
0.98,-0.3,0.17,0,0,0,0.2,0.2,0.2,0.006060727
0.98,-0.3,0.17,0,0,0,0.2,0.2,0.2,0.00606073
0.98,-0.3,0.17,0,0,0,0.2,0.2,0.2,0.006060719
0.98,-0.3,0.17,0,0,0,0.2,0.2,0.2,0.006060716
0.98,-0.3,0.17,0,0,0,0.2,0.2,0.2,0.006060827
0.98,-0.3,0.17,0,0,0,0.2,0.2,0.2,0.006060615
0.98,-0.3,0.17,0,0,0,0.2,0.2,0.2,0.006060734
0.98,-0.3,0.17,0,0,0,0.2,0.2,0.2,0.006060777
0.98,-0.3,0.17,0,0,0,0.2,0.2,0.2,0.006060746
0.98,-0.3,0.17,0,0,0,0.2,0.2,0.2,0.006060627
0.98,-0.3,0.17,0,0,0,0.2,0.2,0.2,0.006060676
0.98,-0.3,0.17,0,0,0,0.2,0.2,0.2,0.006060723
0.98,-0.3,0.17,0,0,0,0.2,0.2,0.2,0.006060713
0.98,-0.3,0.17,0,0,0,0.2,0.2,0.2,0.006060729
0.98,-0.3,0.17,0,0,0,0.2,0.2,0.2,0.006060646
0.98,-0.3,0.17,0,0,0,0.2,0.2,0.2,0.006060707
0.98,-0.3,0.17,0,0,0,0.2,0.2,0.2,0.006060695
0.98,-0.3,0.17,0,0,0,0.2,0.2,0.2,0.006060681
0.98,-0.3,0.17,0,0,0,0.2,0.2,0.2,0.006060714
0.98,-0.3,0.17,0,0,0,0.2,0.2,0.2,0.006060729
0.98,-0.3,0.17,0,0,0,0.2,0.2,0.2,0.00606066
0.98,-0.3,0.17,0,0,0,0.2,0.2,0.2,0.006060769
0.98,-0.3,0.17,0,0,0,0.2,0.2,0.2,0.006060671
0.98,-0.3,0.17,0,0,0,0.2,0.2,0.2,0.006060677
0.98,-0.3,0.17,0,0,0,0.2,0.2,0.2,0.006060737
0.98,-0.3,0.17,0,0,0,0.2,0.2,0.2,0.006060684
0.98,-0.3,0.17,0,0,0,0.2,0.2,0.2,0.006060724
0.98,-0.3,0.17,0,0,0,0.2,0.2,0.2,0.006060669
0.98,-0.3,0.17,0,0,0,0.2,0.2,0.2,0.00606096
0.98,-0.3,0.17,0,0,0,0.2,0.2,0.2,0.006060557
0.98,-0.3,0.17,0,0,0,0.2,0.2,0.2,0.006060676
0.98,-0.3,0.17,0,0,0,0.2,0.2,0.2,0.006060676
0.98,-0.3,0.17,0,0,0,0.2,0.2,0.2,0.006060741
0.98,-0.3,0.17,0,0,0,0.2,0.2,0.2,0.006060691
0.98,-0.3,0.17,0,0,0,0.2,0.2,0.2,0.00606072
0.98,-0.3,0.17,0,0,0,0.2,0.2,0.2,0.006060703
0.98,-0.3,0.17,0,0,0,0.2,0.2,0.2,0.006060732
0.98,-0.3,0.17,0,0,0,0.2,0.2,0.2,0.006060686
0.98,-0.3,0.17,0,0,0,0.2,0.2,0.2,0.006060742
0.98,-0.3,0.17,0,0,0,0.2,0.2,0.2,0.006060656
0.98,-0.3,0.17,0,0,0,0.2,0.2,0.2,0.006060724
0.98,-0.3,0.17,0,0,0,0.2,0.2,0.2,0.006060743
0.98,-0.3,0.17,0,0,0,0.2,0.2,0.2,0.006060675
0.98,-0.3,0.17,0,0,0,0.2,0.2,0.2,0.006060771
0.98,-0.3,0.17,0,0,0,0.2,0.2,0.2,0.006060669
0.98,-0.3,0.17,0,0,0,0.2,0.2,0.2,0.006060817
0.98,-0.3,0.17,0,0,0,0.2,0.2,0.2,0.006060745
0.98,-0.3,0.17,0,0,0,0.2,0.2,0.2,0.006060668
0.98,-0.3,0.17,0,0,0,0.2,0.2,0.2,0.006076284
0.98,-0.3,0.17,0,0,0,0.2,0.2,0.2,0.006060811
0.98,-0.3,0.17,0,0,0,0.2,0.2,0.2,0.006075226
0.98,-0.3,0.17,0,0,0,0.2,0.2,0.2,0.006060905
0.98,-0.3,0.17,0,0,0,0.2,0.2,0.2,0.006083742
0.98,-0.3,0.17,0,0,0,0.2,0.2,0.2,0.006060955
0.98,-0.3,0.17,0,0,0,0.2,0.2,0.2,0.006099212
0.98,-0.3,0.17,0,0,0,0.2,0.2,0.2,0.006060947
0.98,-0.3,0.17,0,0,0,0.2,0.2,0.2,0.006087754
N:Loop Opened,,,,,,,,,20240807_152304.788627
0.98,-0.3,0.17,0,0,0,0.2,0.2,0.2,0.006059725
0.98,-0.3,0.17,0,0,0,0.2,0.2,0.2,0.006060719
0.98,-0.3,0.17,0,0,0,0.2,0.2,0.2,0.006060776
0.98,-0.3,0.17,0,0,0,0.2,0.2,0.2,0.006060778
0.98,-0.3,0.17,0,0,0,0.2,0.2,0.2,0.006060813
0.98,-0.3,0.17,0,0,0,0.2,0.2,0.2,0.006060899
0.98,-0.3,0.17,0,0,0,0.2,0.2,0.2,0.006060629
0.98,-0.3,0.17,0,0,0,0.2,0.2,0.2,0.006060588
0.98,-0.3,0.17,0,0,0,0.2,0.2,0.2,0.006060678
0.98,-0.3,0.17,0,0,0,0.2,0.2,0.2,0.006060734
0.98,-0.3,0.17,0,0,0,0.2,0.2,0.2,0.0060698
0.98,-0.3,0.17,0,0,0,0.2,0.2,0.2,0.006060703
0.98,-0.3,0.17,0,0,0,0.2,0.2,0.2,0.006060713
0.98,-0.3,0.17,0,0,0,0.2,0.2,0.2,0.00606559
0.98,-0.3,0.17,0,0,0,0.2,0.2,0.2,0.006060647
0.98,-0.3,0.17,0,0,0,0.2,0.2,0.2,0.00606067
0.98,-0.3,0.17,0,0,0,0.2,0.2,0.2,0.006073847
0.98,-0.3,0.17,0,0,0,0.2,0.2,0.2,0.00606069
0.98,-0.3,0.17,0,0,0,0.2,0.2,0.2,0.00606733
0.98,-0.3,0.17,0,0,0,0.2,0.2,0.2,0.006060668
0.98,-0.3,0.17,0,0,0,0.2,0.2,0.2,0.006060761
0.98,-0.3,0.17,0,0,0,0.2,0.2,0.2,0.006060748
0.98,-0.3,0.17,0,0,0,0.2,0.2,0.2,0.006060831
0.98,-0.3,0.17,0,0,0,0.2,0.2,0.2,0.006060761
0.98,-0.3,0.17,0,0,0,0.2,0.2,0.2,0.006060565
0.98,-0.3,0.17,0,0,0,0.2,0.2,0.2,0.006060732
0.98,-0.3,0.17,0,0,0,0.2,0.2,0.2,0.006060737
0.98,-0.3,0.17,0,0,0,0.2,0.2,0.2,0.006060806
0.98,-0.3,0.17,0,0,0,0.2,0.2,0.2,0.006060776
0.98,-0.3,0.17,0,0,0,0.2,0.2,0.2,0.006060801
0.98,-0.3,0.17,0,0,0,0.2,0.2,0.2,0.006061043
0.98,-0.3,0.17,0,0,0,0.2,0.2,0.2,0.006061106
0.98,-0.3,0.17,0,0,0,0.2,0.2,0.2,0.006060954
0.98,-0.3,0.17,0,0,0,0.2,0.2,0.2,0.006060939
0.98,-0.3,0.17,0,0,0,0.2,0.2,0.2,0.006059943
0.98,-0.3,0.17,0,0,0,0.2,0.2,0.2,0.006060758
0.98,-0.3,0.17,0,0,0,0.2,0.2,0.2,0.006060725
0.98,-0.3,0.17,0,0,0,0.2,0.2,0.2,0.006060757
0.98,-0.3,0.17,0,0,0,0.2,0.2,0.2,0.006061047
0.98,-0.3,0.17,0,0,0,0.2,0.2,0.2,0.006060563
0.98,-0.3,0.17,0,0,0,0.2,0.2,0.2,0.00606056
0.98,-0.3,0.17,0,0,0,0.2,0.2,0.2,0.006060637
0.98,-0.3,0.17,0,0,0,0.2,0.2,0.2,0.006060715
0.98,-0.3,0.17,0,0,0,0.2,0.2,0.2,0.006069038
0.98,-0.3,0.17,0,0,0,0.2,0.2,0.2,0.006066172
0.98,-0.3,0.17,0,0,0,0.2,0.2,0.2,0.006069397
0.98,-0.3,0.17,0,0,0,0.2,0.2,0.2,0.006060752
0.98,-0.3,0.17,0,0,0,0.2,0.2,0.2,0.00606062
0.98,-0.3,0.17,0,0,0,0.2,0.2,0.2,0.006060753
0.98,-0.3,0.17,0,0,0,0.2,0.2,0.2,0.006060703
0.98,-0.3,0.17,0,0,0,0.2,0.2,0.2,0.006060691
0.98,-0.3,0.17,0,0,0,0.2,0.2,0.2,0.006060762
0.98,-0.3,0.17,0,0,0,0.2,0.2,0.2,0.006060726
0.98,-0.3,0.17,0,0,0,0.2,0.2,0.2,0.006060794
0.98,-0.3,0.17,0,0,0,0.2,0.2,0.2,0.006060794
0.98,-0.3,0.17,0,0,0,0.2,0.2,0.2,0.006060848
0.98,-0.3,0.17,0,0,0,0.2,0.2,0.2,0.006060488
0.98,-0.3,0.17,0,0,0,0.2,0.2,0.2,0.006060676
0.98,-0.3,0.17,0,0,0,0.2,0.2,0.2,0.006060755
0.98,-0.3,0.17,0,0,0,0.2,0.2,0.2,0.006067725
0.98,-0.3,0.17,0,0,0,0.2,0.2,0.2,0.006060653
0.98,-0.3,0.17,0,0,0,0.2,0.2,0.2,0.006060735
0.98,-0.3,0.17,0,0,0,0.2,0.2,0.2,0.006068649
0.98,-0.3,0.17,0,0,0,0.2,0.2,0.2,0.006060715
0.98,-0.3,0.17,0,0,0,0.2,0.2,0.2,0.00606071
0.98,-0.3,0.17,0,0,0,0.2,0.2,0.2,0.006060716
0.98,-0.3,0.17,0,0,0,0.2,0.2,0.2,0.006060707
0.98,-0.3,0.17,0,0,0,0.2,0.2,0.2,0.006065783
0.98,-0.3,0.17,0,0,0,0.2,0.2,0.2,0.006060704
0.98,-0.3,0.17,0,0,0,0.2,0.2,0.2,0.006060675
0.98,-0.3,0.17,0,0,0,0.2,0.2,0.2,0.006060701
0.98,-0.3,0.17,0,0,0,0.2,0.2,0.2,0.006061448
0.98,-0.3,0.17,0,0,0,0.2,0.2,0.2,0.006071029
0.98,-0.3,0.17,0,0,0,0.2,0.2,0.2,0.006060612
0.98,-0.3,0.17,0,0,0,0.2,0.2,0.2,0.006068905
0.98,-0.3,0.17,0,0,0,0.2,0.2,0.2,0.006060694
0.98,-0.3,0.17,0,0,0,0.2,0.2,0.2,0.006065535
0.98,-0.3,0.17,0,0,0,0.2,0.2,0.2,0.006060682
0.98,-0.3,0.17,0,0,0,0.2,0.2,0.2,0.006060693
0.98,-0.3,0.17,0,0,0,0.2,0.2,0.2,0.006060707
0.98,-0.3,0.17,0,0,0,0.2,0.2,0.2,0.006066827
0.98,-0.3,0.17,0,0,0,0.2,0.2,0.2,0.006060725
0.98,-0.3,0.17,0,0,0,0.2,0.2,0.2,0.006060662
0.98,-0.3,0.17,0,0,0,0.2,0.2,0.2,0.006060711
N:Post Stim Finished,,,,,,,,,20240807_152305.291752
